Candidate,Poll_Percent,Wikipedia_Traffic,Date,,
Cory Booker,1.0,4884.0,206.0,,
Pete Buttigieg,5.0,5562.0,206.0,,
Julian Castro,1.0,3396.0,206.0,,
Tulsi Gabbard,.0,12457.0,206.0,,
Kamala Harris,10.0,12765.0,206.0,,
Beto O'Rourke,3.0,3211.0,206.0,,
Elizabeth Warren,10.0,6405.0,206.0,,
Andrew Yang,1.0,6616.0,206.0,,
Cory Booker,2.0,7931.0,204.0,,
Pete Buttigieg,6.0,6927.0,204.0,,
Julian Castro,3.0,2295.0,204.0,,
Tulsi Gabbard,2.0,12982.0,204.0,,
Kamala Harris,9.0,14048.0,204.0,,
Beto O'Rourke,2.0,7025.0,204.0,,
Elizabeth Warren,18.0,8128.0,204.0,,
Andrew Yang,2.0,4452.0,204.0,,
Elizabeth Warren,12.0,8128.0,204.0,,
Kamala Harris,10.0,14048.0,204.0,,
Pete Buttigieg,5.0,6927.0,204.0,,
Andrew Yang,3.0,4452.0,204.0,,
Cory Booker,2.0,7931.0,204.0,,
Beto O'Rourke,2.0,7025.0,204.0,,
Julian Castro,1.0,2295.0,204.0,,
Tulsi Gabbard,.0,12982.0,204.0,,
Kamala Harris,12.0,16306.0,203.0,,
Elizabeth Warren,9.0,11067.0,203.0,,
Pete Buttigieg,5.0,9072.0,203.0,,
Cory Booker,2.0,5062.0,203.0,,
Beto O'Rourke,1.0,3310.0,203.0,,
Julian Castro,.0,1306.0,203.0,,
Tulsi Gabbard,.0,16596.0,203.0,,
Andrew Yang,.0,4616.0,203.0,,
Beto O'Rourke,1.0,3310.0,203.0,,
Kamala Harris,14.0,16306.0,203.0,,
Elizabeth Warren,13.0,11067.0,203.0,,
Cory Booker,1.0,5062.0,203.0,,
Julian Castro,1.0,1306.0,203.0,,
Tulsi Gabbard,1.0,16596.0,203.0,,
Pete Buttigieg,6.0,9072.0,203.0,,
Andrew Yang,1.0,4616.0,203.0,,
Elizabeth Warren,14.0,7160.0,202.0,,
Kamala Harris,13.0,13160.0,202.0,,
Pete Buttigieg,5.0,7738.0,202.0,,
Beto O'Rourke,3.0,3260.0,202.0,,
Cory Booker,2.0,8320.0,202.0,,
Andrew Yang,2.0,4131.0,202.0,,
Julian Castro,1.0,1454.0,202.0,,
Tulsi Gabbard,1.0,6233.0,202.0,,
Kamala Harris,23.0,22218.0,199.0,,
Elizabeth Warren,19.0,6654.0,199.0,,
Pete Buttigieg,6.0,9589.0,199.0,,
Beto O'Rourke,1.0,3079.0,199.0,,
Julian Castro,1.0,1646.0,199.0,,
Andrew Yang,1.0,6569.0,199.0,,
Cory Booker,1.0,3758.0,199.0,,
Tulsi Gabbard,1.0,5580.0,199.0,,
Elizabeth Warren,17.0,6654.0,199.0,,
Kamala Harris,16.0,22218.0,199.0,,
Pete Buttigieg,7.0,9589.0,199.0,,
Cory Booker,3.0,3758.0,199.0,,
Julian Castro,2.0,1646.0,199.0,,
Beto O'Rourke,1.0,3079.0,199.0,,
Tulsi Gabbard,.0,5580.0,199.0,,
Andrew Yang,.0,6569.0,199.0,,
Elizabeth Warren,18.0,6654.0,199.0,,
Kamala Harris,12.0,22218.0,199.0,,
Pete Buttigieg,7.0,9589.0,199.0,,
Tulsi Gabbard,2.0,5580.0,199.0,,
Beto O'Rourke,2.0,3079.0,199.0,,
Cory Booker,1.0,3758.0,199.0,,
Andrew Yang,1.0,6569.0,199.0,,
Julian Castro,1.0,1646.0,199.0,,
Kamala Harris,12.0,22218.0,199.0,,
Elizabeth Warren,12.0,6654.0,199.0,,
Pete Buttigieg,5.0,9589.0,199.0,,
Cory Booker,3.0,3758.0,199.0,,
Beto O'Rourke,2.0,3079.0,199.0,,
Andrew Yang,1.0,6569.0,199.0,,
Tulsi Gabbard,.0,5580.0,199.0,,
Julian Castro,.0,1646.0,199.0,,
Beto O'Rourke,17.0,3079.0,199.0,,
Elizabeth Warren,16.0,6654.0,199.0,,
Kamala Harris,12.0,22218.0,199.0,,
Pete Buttigieg,4.0,9589.0,199.0,,
Julian Castro,4.0,1646.0,199.0,,
Andrew Yang,1.0,6569.0,199.0,,
Tulsi Gabbard,1.0,5580.0,199.0,,
Cory Booker,.0,3758.0,199.0,,
Cory Booker,2.0,3903.0,198.0,,
Pete Buttigieg,4.0,11713.0,198.0,,
Julian Castro,1.0,1571.0,198.0,,
Tulsi Gabbard,.0,6295.0,198.0,,
Kamala Harris,10.0,21757.0,198.0,,
Beto O'Rourke,4.0,3376.0,198.0,,
Elizabeth Warren,9.0,6601.0,198.0,,
Andrew Yang,1.0,6103.0,198.0,,
Andrew Yang,1.0,6103.0,198.0,,
Beto O'Rourke,1.0,3376.0,198.0,,
Cory Booker,2.0,3903.0,198.0,,
Elizabeth Warren,14.0,6601.0,198.0,,
Julian Castro,.0,1571.0,198.0,,
Kamala Harris,8.0,21757.0,198.0,,
Pete Buttigieg,4.0,11713.0,198.0,,
Tulsi Gabbard,1.0,6295.0,198.0,,
Cory Booker,3.0,3110.0,197.0,,
Pete Buttigieg,7.0,10671.0,197.0,,
Julian Castro,1.0,1931.0,197.0,,
Tulsi Gabbard,1.0,7318.0,197.0,,
Kamala Harris,10.0,17125.0,197.0,,
Beto O'Rourke,2.0,4656.0,197.0,,
Elizabeth Warren,15.0,7519.0,197.0,,
Andrew Yang,1.0,4644.0,197.0,,
Elizabeth Warren,16.0,7519.0,197.0,,
Kamala Harris,14.0,17125.0,197.0,,
Pete Buttigieg,8.0,10671.0,197.0,,
Beto O'Rourke,3.0,4656.0,197.0,,
Cory Booker,3.0,3110.0,197.0,,
Julian Castro,2.0,1931.0,197.0,,
Andrew Yang,2.0,4644.0,197.0,,
Tulsi Gabbard,1.0,7318.0,197.0,,
Kamala Harris,13.0,17125.0,197.0,,
Elizabeth Warren,9.0,7519.0,197.0,,
Pete Buttigieg,5.0,10671.0,197.0,,
Cory Booker,2.0,3110.0,197.0,,
Andrew Yang,1.0,4644.0,197.0,,
Beto O'Rourke,1.0,4656.0,197.0,,
Julian Castro,.0,1931.0,197.0,,
Tulsi Gabbard,.0,7318.0,197.0,,
Kamala Harris,15.0,17125.0,197.0,,
Elizabeth Warren,13.0,7519.0,197.0,,
Pete Buttigieg,5.0,10671.0,197.0,,
Andrew Yang,4.0,4644.0,197.0,,
Julian Castro,3.0,1931.0,197.0,,
Cory Booker,2.0,3110.0,197.0,,
Beto O'Rourke,1.0,4656.0,197.0,,
Tulsi Gabbard,.0,7318.0,197.0,,
Kamala Harris,8.0,17125.0,197.0,,
Elizabeth Warren,7.0,7519.0,197.0,,
Cory Booker,3.0,3110.0,197.0,,
Pete Buttigieg,3.0,10671.0,197.0,,
Andrew Yang,.0,4644.0,197.0,,
Beto O'Rourke,.0,4656.0,197.0,,
Tulsi Gabbard,.0,7318.0,197.0,,
Julian Castro,.0,1931.0,197.0,,
Elizabeth Warren,18.0,7519.0,197.0,,
Kamala Harris,12.0,17125.0,197.0,,
Pete Buttigieg,6.0,10671.0,197.0,,
Tulsi Gabbard,1.0,7318.0,197.0,,
Beto O'Rourke,1.0,4656.0,197.0,,
Cory Booker,1.0,3110.0,197.0,,
Julian Castro,1.0,1931.0,197.0,,
Andrew Yang,.0,4644.0,197.0,,
Beto O'Rourke,1.0,7251.0,196.0,,
Kamala Harris,23.0,14885.0,196.0,,
Elizabeth Warren,16.0,6736.0,196.0,,
Cory Booker,1.0,3239.0,196.0,,
Julian Castro,1.0,1816.0,196.0,,
Tulsi Gabbard,.0,5514.0,196.0,,
Pete Buttigieg,3.0,15812.0,196.0,,
Andrew Yang,2.0,4477.0,196.0,,
Elizabeth Warren,19.0,6736.0,196.0,,
Pete Buttigieg,10.0,15812.0,196.0,,
Kamala Harris,9.0,14885.0,196.0,,
Cory Booker,2.0,3239.0,196.0,,
Beto O'Rourke,2.0,7251.0,196.0,,
Tulsi Gabbard,1.0,5514.0,196.0,,
Andrew Yang,1.0,4477.0,196.0,,
Julian Castro,.0,1816.0,196.0,,
Kamala Harris,20.3,14885.0,196.0,,
Elizabeth Warren,24.8,6736.0,196.0,,
Pete Buttigieg,7.7,15812.0,196.0,,
Beto O'Rourke,2.3,7251.0,196.0,,
Cory Booker,1.4,3239.0,196.0,,
Andrew Yang,1.2,4477.0,196.0,,
Tulsi Gabbard,1.4,5514.0,196.0,,
Julian Castro,1.4,1816.0,196.0,,
Elizabeth Warren,19.0,6897.0,195.0,,
Kamala Harris,9.0,14933.0,195.0,,
Pete Buttigieg,7.0,17572.0,195.0,,
Beto O'Rourke,1.0,3091.0,195.0,,
Elizabeth Warren,14.0,6897.0,195.0,,
Kamala Harris,13.0,14933.0,195.0,,
Pete Buttigieg,5.0,17572.0,195.0,,
Beto O'Rourke,3.0,3091.0,195.0,,
Andrew Yang,2.0,5298.0,195.0,,
Cory Booker,2.0,3070.0,195.0,,
Julian Castro,1.0,1571.0,195.0,,
Tulsi Gabbard,1.0,5374.0,195.0,,
Elizabeth Warren,23.0,6897.0,195.0,,
Kamala Harris,17.0,14933.0,195.0,,
Pete Buttigieg,6.0,17572.0,195.0,,
Beto O'Rourke,3.0,3091.0,195.0,,
Andrew Yang,2.0,5298.0,195.0,,
Julian Castro,2.0,1571.0,195.0,,
Tulsi Gabbard,2.0,5374.0,195.0,,
Cory Booker,1.0,3070.0,195.0,,
Kamala Harris,11.0,17662.0,194.0,,
Elizabeth Warren,9.0,5913.0,194.0,,
Beto O'Rourke,3.0,2715.0,194.0,,
Pete Buttigieg,1.0,9153.0,194.0,,
Cory Booker,1.0,2952.0,194.0,,
Tulsi Gabbard,1.0,5454.0,194.0,,
Julian Castro,1.0,1553.0,194.0,,
Andrew Yang,.0,4764.0,194.0,,
Kamala Harris,17.5,37055.0,193.0,,
Elizabeth Warren,16.7,7867.0,193.0,,
Pete Buttigieg,11.5,8883.0,193.0,,
Beto O'Rourke,.0,3353.0,193.0,,
Andrew Yang,4.9,5139.0,193.0,,
Cory Booker,1.2,4293.0,193.0,,
Tulsi Gabbard,1.0,6012.0,193.0,,
Kamala Harris,13.0,20391.0,192.0,,
Elizabeth Warren,15.0,6438.0,192.0,,
Pete Buttigieg,5.0,9538.0,192.0,,
Beto O'Rourke,1.0,3460.0,192.0,,
Kamala Harris,23.0,20391.0,192.0,,
Elizabeth Warren,22.0,6438.0,192.0,,
Pete Buttigieg,8.0,9538.0,192.0,,
Beto O'Rourke,2.0,3460.0,192.0,,
Tulsi Gabbard,2.0,5997.0,192.0,,
Andrew Yang,2.0,6527.0,192.0,,
Julian Castro,1.0,2172.0,192.0,,
Cory Booker,1.0,3800.0,192.0,,
Kamala Harris,12.0,18821.0,191.0,,
Elizabeth Warren,5.0,5960.0,191.0,,
Cory Booker,3.0,4711.0,191.0,,
Pete Buttigieg,2.0,6804.0,191.0,,
Andrew Yang,1.0,5440.0,191.0,,
Julian Castro,.0,2396.0,191.0,,
Tulsi Gabbard,.0,7702.0,191.0,,
Beto O'Rourke,.0,4372.0,191.0,,
Cory Booker,1.0,3972.0,190.0,,
Pete Buttigieg,5.0,8543.0,190.0,,
Julian Castro,2.0,2516.0,190.0,,
Tulsi Gabbard,2.0,9987.0,190.0,,
Kamala Harris,14.0,29478.0,190.0,,
Beto O'Rourke,2.0,3630.0,190.0,,
Elizabeth Warren,17.0,7723.0,190.0,,
Andrew Yang,1.0,7632.0,190.0,,
Elizabeth Warren,19.0,7723.0,190.0,,
Kamala Harris,13.0,29478.0,190.0,,
Pete Buttigieg,7.0,8543.0,190.0,,
Andrew Yang,2.0,7632.0,190.0,,
Beto O'Rourke,2.0,3630.0,190.0,,
Julian Castro,1.0,2516.0,190.0,,
Cory Booker,1.0,3972.0,190.0,,
Tulsi Gabbard,.0,9987.0,190.0,,
Elizabeth Warren,22.0,7723.0,190.0,,
Kamala Harris,15.0,29478.0,190.0,,
Pete Buttigieg,13.0,8543.0,190.0,,
Tulsi Gabbard,3.0,9987.0,190.0,,
Beto O'Rourke,1.0,3630.0,190.0,,
Cory Booker,1.0,3972.0,190.0,,
Andrew Yang,1.0,7632.0,190.0,,
Julian Castro,.0,2516.0,190.0,,
Elizabeth Warren,14.5,8268.0,189.0,,
Pete Buttigieg,5.3,8654.0,189.0,,
Kamala Harris,15.2,33122.0,189.0,,
Beto O'Rourke,4.0,4393.0,189.0,,
Cory Booker,1.5,4469.0,189.0,,
Andrew Yang,3.2,8755.0,189.0,,
Julian Castro,.4,3197.0,189.0,,
Tulsi Gabbard,1.7,8768.0,189.0,,
Kamala Harris,14.0,39144.0,188.0,,
Elizabeth Warren,13.0,7029.0,188.0,,
Pete Buttigieg,6.0,8957.0,188.0,,
Beto O'Rourke,3.0,4211.0,188.0,,
Cory Booker,2.0,4578.0,188.0,,
Julian Castro,1.0,2627.0,188.0,,
Tulsi Gabbard,1.0,7444.0,188.0,,
Andrew Yang,1.0,5146.0,188.0,,
Elizabeth Warren,18.0,7650.0,185.0,,
Kamala Harris,16.0,50573.0,185.0,,
Pete Buttigieg,25.0,17913.0,185.0,,
Cory Booker,1.0,5731.0,185.0,,
Tulsi Gabbard,1.0,9614.0,185.0,,
Beto O'Rourke,2.0,4963.0,185.0,,
Andrew Yang,1.0,6894.0,185.0,,
Julian Castro,1.0,5932.0,185.0,,
Elizabeth Warren,24.0,7650.0,185.0,,
Kamala Harris,13.0,50573.0,185.0,,
Pete Buttigieg,14.0,17913.0,185.0,,
Cory Booker,2.0,5731.0,185.0,,
Tulsi Gabbard,2.0,9614.0,185.0,,
Beto O'Rourke,2.0,4963.0,185.0,,
Andrew Yang,2.0,6894.0,185.0,,
Julian Castro,.0,5932.0,185.0,,
Elizabeth Warren,15.0,7650.0,185.0,,
Kamala Harris,21.0,50573.0,185.0,,
Pete Buttigieg,6.0,17913.0,185.0,,
Cory Booker,6.0,5731.0,185.0,,
Tulsi Gabbard,2.0,9614.0,185.0,,
Beto O'Rourke,1.0,4963.0,185.0,,
Andrew Yang,1.0,6894.0,185.0,,
Julian Castro,1.0,5932.0,185.0,,
Cory Booker,2.0,8239.0,183.0,,
Pete Buttigieg,9.0,20012.0,183.0,,
Julian Castro,2.0,9271.0,183.0,,
Tulsi Gabbard,1.0,17454.0,183.0,,
Kamala Harris,13.0,108765.0,183.0,,
Beto O'Rourke,3.0,6998.0,183.0,,
Elizabeth Warren,18.0,13376.0,183.0,,
Andrew Yang,.0,11428.0,183.0,,
Kamala Harris,10.0,108765.0,183.0,,
Elizabeth Warren,9.0,13376.0,183.0,,
Beto O'Rourke,3.0,6998.0,183.0,,
Pete Buttigieg,3.0,20012.0,183.0,,
Andrew Yang,2.0,11428.0,183.0,,
Cory Booker,1.0,8239.0,183.0,,
Julian Castro,1.0,9271.0,183.0,,
Tulsi Gabbard,.0,17454.0,183.0,,
Kamala Harris,11.0,108765.0,183.0,,
Elizabeth Warren,11.0,13376.0,183.0,,
Beto O'Rourke,3.0,6998.0,183.0,,
Cory Booker,1.0,8239.0,183.0,,
Julian Castro,1.0,9271.0,183.0,,
Pete Buttigieg,4.0,20012.0,183.0,,
Tulsi Gabbard,.0,17454.0,183.0,,
Andrew Yang,3.0,11428.0,183.0,,
Elizabeth Warren,22.0,13376.0,183.0,,
Kamala Harris,17.0,108765.0,183.0,,
Pete Buttigieg,7.0,20012.0,183.0,,
Beto O'Rourke,2.0,6998.0,183.0,,
Andrew Yang,2.0,11428.0,183.0,,
Cory Booker,2.0,8239.0,183.0,,
Julian Castro,1.0,9271.0,183.0,,
Tulsi Gabbard,1.0,17454.0,183.0,,
Kamala Harris,13.0,163964.0,182.0,,
Elizabeth Warren,9.0,11992.0,182.0,,
Pete Buttigieg,4.0,26412.0,182.0,,
Beto O'Rourke,3.0,8226.0,182.0,,
Cory Booker,2.0,10865.0,182.0,,
Julian Castro,2.0,9740.0,182.0,,
Tulsi Gabbard,1.0,25397.0,182.0,,
Andrew Yang,1.0,13911.0,182.0,,
Elizabeth Warren,20.0,11992.0,182.0,,
Kamala Harris,18.0,163964.0,182.0,,
Pete Buttigieg,10.0,26412.0,182.0,,
Cory Booker,2.0,10865.0,182.0,,
Beto O'Rourke,1.0,8226.0,182.0,,
Julian Castro,1.0,9740.0,182.0,,
Tulsi Gabbard,1.0,25397.0,182.0,,
Andrew Yang,1.0,13911.0,182.0,,
Cory Booker,1.8,10865.0,182.0,,
Pete Buttigieg,6.2,26412.0,182.0,,
Julian Castro,.6,9740.0,182.0,,
Tulsi Gabbard,1.4,25397.0,182.0,,
Kamala Harris,15.6,163964.0,182.0,,
Beto O'Rourke,.6,8226.0,182.0,,
Elizabeth Warren,13.0,11992.0,182.0,,
Andrew Yang,.6,13911.0,182.0,,
Beto O'Rourke,1.0,8226.0,182.0,,
Kamala Harris,20.0,163964.0,182.0,,
Elizabeth Warren,14.0,11992.0,182.0,,
Cory Booker,3.0,10865.0,182.0,,
Julian Castro,1.0,9740.0,182.0,,
Tulsi Gabbard,1.0,25397.0,182.0,,
Pete Buttigieg,4.0,26412.0,182.0,,
Andrew Yang,1.0,13911.0,182.0,,
Kamala Harris,11.0,163964.0,182.0,,
Elizabeth Warren,10.0,11992.0,182.0,,
Pete Buttigieg,3.0,26412.0,182.0,,
Tulsi Gabbard,2.0,25397.0,182.0,,
Beto O'Rourke,1.0,8226.0,182.0,,
Andrew Yang,1.0,13911.0,182.0,,
Julian Castro,1.0,9740.0,182.0,,
Cory Booker,.0,10865.0,182.0,,
Kamala Harris,9.0,163964.0,182.0,,
Elizabeth Warren,9.0,11992.0,182.0,,
Pete Buttigieg,3.0,26412.0,182.0,,
Tulsi Gabbard,1.0,25397.0,182.0,,
Beto O'Rourke,1.0,8226.0,182.0,,
Andrew Yang,1.0,13911.0,182.0,,
Julian Castro,1.0,9740.0,182.0,,
Cory Booker,.0,10865.0,182.0,,
Kamala Harris,13.0,163964.0,182.0,,
Elizabeth Warren,12.0,11992.0,182.0,,
Pete Buttigieg,4.0,26412.0,182.0,,
Julian Castro,3.0,9740.0,182.0,,
Beto O'Rourke,2.0,8226.0,182.0,,
Cory Booker,1.0,10865.0,182.0,,
Tulsi Gabbard,1.0,25397.0,182.0,,
Andrew Yang,.0,13911.0,182.0,,
Kamala Harris,11.0,163964.0,182.0,,
Elizabeth Warren,11.0,11992.0,182.0,,
Pete Buttigieg,4.0,26412.0,182.0,,
Julian Castro,4.0,9740.0,182.0,,
Beto O'Rourke,2.0,8226.0,182.0,,
Cory Booker,1.0,10865.0,182.0,,
Tulsi Gabbard,1.0,25397.0,182.0,,
Andrew Yang,1.0,13911.0,182.0,,
Elizabeth Warren,22.0,11992.0,182.0,,
Kamala Harris,21.0,163964.0,182.0,,
Pete Buttigieg,10.0,26412.0,182.0,,
Beto O'Rourke,2.0,8226.0,182.0,,
Andrew Yang,2.0,13911.0,182.0,,
Julian Castro,1.0,9740.0,182.0,,
Tulsi Gabbard,1.0,25397.0,182.0,,
Cory Booker,.0,10865.0,182.0,,
Kamala Harris,11.0,217271.0,181.0,,
Elizabeth Warren,9.0,15015.0,181.0,,
Pete Buttigieg,6.0,26624.0,181.0,,
Beto O'Rourke,4.0,9851.0,181.0,,
Cory Booker,2.0,16078.0,181.0,,
Julian Castro,1.0,15253.0,181.0,,
Tulsi Gabbard,1.0,36812.0,181.0,,
Andrew Yang,1.0,19435.0,181.0,,
Kamala Harris,11.0,217271.0,181.0,,
Elizabeth Warren,8.0,15015.0,181.0,,
Pete Buttigieg,4.0,26624.0,181.0,,
Beto O'Rourke,3.0,9851.0,181.0,,
Cory Booker,2.0,16078.0,181.0,,
Julian Castro,2.0,15253.0,181.0,,
Tulsi Gabbard,1.0,36812.0,181.0,,
Andrew Yang,1.0,19435.0,181.0,,
Kamala Harris,41.0,217271.0,181.0,,
Kamala Harris,39.0,217271.0,181.0,,
Elizabeth Warren,35.0,15015.0,181.0,,
Kamala Harris,34.0,217271.0,181.0,,
Elizabeth Warren,36.0,15015.0,181.0,,
Elizabeth Warren,40.0,15015.0,181.0,,
Kamala Harris,17.0,217271.0,181.0,,
Elizabeth Warren,15.0,15015.0,181.0,,
Pete Buttigieg,4.0,26624.0,181.0,,
Cory Booker,3.0,16078.0,181.0,,
Beto O'Rourke,3.0,9851.0,181.0,,
Julian Castro,1.0,15253.0,181.0,,
Tulsi Gabbard,1.0,36812.0,181.0,,
Andrew Yang,1.0,19435.0,181.0,,
Elizabeth Warren,14.4,15015.0,181.0,,
Kamala Harris,16.8,217271.0,181.0,,
Pete Buttigieg,5.9,26624.0,181.0,,
Cory Booker,2.5,16078.0,181.0,,
Beto O'Rourke,2.1,9851.0,181.0,,
Julian Castro,1.7,15253.0,181.0,,
Andrew Yang,.8,19435.0,181.0,,
Tulsi Gabbard,.6,36812.0,181.0,,
Kamala Harris,14.0,217271.0,181.0,,
Elizabeth Warren,23.4,15015.0,181.0,,
Pete Buttigieg,7.8,26624.0,181.0,,
Beto O'Rourke,1.5,9851.0,181.0,,
Cory Booker,1.9,16078.0,181.0,,
Andrew Yang,2.4,19435.0,181.0,,
Tulsi Gabbard,1.5,36812.0,181.0,,
Julian Castro,.3,15253.0,181.0,,
Kamala Harris,8.0,269752.0,180.0,,
Elizabeth Warren,8.0,21405.0,180.0,,
Pete Buttigieg,3.0,51455.0,180.0,,
Beto O'Rourke,3.0,12492.0,180.0,,
Cory Booker,3.0,16095.0,180.0,,
Julian Castro,2.0,16707.0,180.0,,
Andrew Yang,1.0,35818.0,180.0,,
Tulsi Gabbard,1.0,64614.0,180.0,,
Elizabeth Warren,11.0,21405.0,180.0,,
Kamala Harris,9.0,269752.0,180.0,,
Pete Buttigieg,3.0,51455.0,180.0,,
Cory Booker,3.0,16095.0,180.0,,
Beto O'Rourke,2.0,12492.0,180.0,,
Tulsi Gabbard,2.0,64614.0,180.0,,
Julian Castro,1.0,16707.0,180.0,,
Andrew Yang,1.0,35818.0,180.0,,
Kamala Harris,12.0,654510.0,179.0,,
Elizabeth Warren,12.0,42693.0,179.0,,
Pete Buttigieg,6.0,261255.0,179.0,,
Cory Booker,3.0,32024.0,179.0,,
Beto O'Rourke,2.0,28921.0,179.0,,
Andrew Yang,2.0,225827.0,179.0,,
Julian Castro,1.0,38007.0,179.0,,
Tulsi Gabbard,1.0,106797.0,179.0,,
Cory Booker,3.0,32024.0,179.0,,
Pete Buttigieg,4.0,261255.0,179.0,,
Julian Castro,1.0,38007.0,179.0,,
Tulsi Gabbard,1.0,106797.0,179.0,,
Kamala Harris,5.0,654510.0,179.0,,
Beto O'Rourke,3.0,28921.0,179.0,,
Elizabeth Warren,10.0,42693.0,179.0,,
Andrew Yang,1.0,225827.0,179.0,,
Elizabeth Warren,17.0,111914.0,178.0,,
Kamala Harris,6.7,25380.0,178.0,,
Pete Buttigieg,4.5,27640.0,178.0,,
Cory Booker,4.1,161873.0,178.0,,
Beto O'Rourke,3.2,111414.0,178.0,,
Julian Castro,2.7,189379.0,178.0,,
Andrew Yang,1.2,30992.0,178.0,,
Tulsi Gabbard,.6,346740.0,178.0,,
Cory Booker,2.0,161873.0,178.0,,
Pete Buttigieg,4.0,27640.0,178.0,,
Julian Castro,1.0,189379.0,178.0,,
Tulsi Gabbard,.0,346740.0,178.0,,
Kamala Harris,5.0,25380.0,178.0,,
Beto O'Rourke,4.0,111414.0,178.0,,
Elizabeth Warren,10.0,111914.0,178.0,,
Andrew Yang,1.0,30992.0,178.0,,
Elizabeth Warren,24.0,19838.0,177.0,,
Kamala Harris,7.0,10269.0,177.0,,
Pete Buttigieg,7.0,12496.0,177.0,,
Beto O'Rourke,3.0,9568.0,177.0,,
Cory Booker,2.0,7655.0,177.0,,
Andrew Yang,2.0,15980.0,177.0,,
Julian Castro,1.0,4727.0,177.0,,
Tulsi Gabbard,1.0,16389.0,177.0,,
Elizabeth Warren,9.0,19838.0,177.0,,
Kamala Harris,6.0,10269.0,177.0,,
Beto O'Rourke,4.0,9568.0,177.0,,
Pete Buttigieg,3.0,12496.0,177.0,,
Cory Booker,1.0,7655.0,177.0,,
Julian Castro,1.0,4727.0,177.0,,
Andrew Yang,1.0,15980.0,177.0,,
Tulsi Gabbard,.0,16389.0,177.0,,
Elizabeth Warren,12.4,19838.0,177.0,,
Pete Buttigieg,6.0,12496.0,177.0,,
Kamala Harris,6.1,10269.0,177.0,,
Beto O'Rourke,4.1,9568.0,177.0,,
Cory Booker,2.7,7655.0,177.0,,
Andrew Yang,1.2,15980.0,177.0,,
Julian Castro,.6,4727.0,177.0,,
Tulsi Gabbard,.4,16389.0,177.0,,
Cory Booker,2.0,4435.0,176.0,,
Pete Buttigieg,5.0,11988.0,176.0,,
Julian Castro,1.0,1867.0,176.0,,
Tulsi Gabbard,3.0,7000.0,176.0,,
Kamala Harris,7.0,8427.0,176.0,,
Beto O'Rourke,3.0,5164.0,176.0,,
Elizabeth Warren,18.0,18317.0,176.0,,
Andrew Yang,1.0,13021.0,176.0,,
Elizabeth Warren,11.0,18317.0,176.0,,
Pete Buttigieg,9.0,11988.0,176.0,,
Kamala Harris,6.0,8427.0,176.0,,
Beto O'Rourke,3.0,5164.0,176.0,,
Cory Booker,2.0,4435.0,176.0,,
Andrew Yang,1.0,13021.0,176.0,,
Tulsi Gabbard,.0,7000.0,176.0,,
Julian Castro,.0,1867.0,176.0,,
Elizabeth Warren,26.0,18317.0,176.0,,
Elizabeth Warren,17.0,13124.0,175.0,,
Pete Buttigieg,8.0,18340.0,175.0,,
Andrew Yang,5.0,6879.0,175.0,,
Cory Booker,3.0,4417.0,175.0,,
Kamala Harris,2.0,9454.0,175.0,,
Beto O'Rourke,1.0,5547.0,175.0,,
Julian Castro,.0,1791.0,175.0,,
Tulsi Gabbard,.0,5804.0,175.0,,
Elizabeth Warren,14.2,13124.0,175.0,,
Pete Buttigieg,6.3,18340.0,175.0,,
Kamala Harris,7.0,9454.0,175.0,,
Beto O'Rourke,1.0,5547.0,175.0,,
Cory Booker,2.7,4417.0,175.0,,
Andrew Yang,.7,6879.0,175.0,,
Julian Castro,.1,1791.0,175.0,,
Tulsi Gabbard,.2,5804.0,175.0,,
Elizabeth Warren,11.0,13124.0,175.0,,
Kamala Harris,6.0,9454.0,175.0,,
Pete Buttigieg,6.0,18340.0,175.0,,
Beto O'Rourke,4.0,5547.0,175.0,,
Cory Booker,2.0,4417.0,175.0,,
Andrew Yang,1.0,6879.0,175.0,,
Tulsi Gabbard,1.0,5804.0,175.0,,
Julian Castro,.4,1791.0,175.0,,
Cory Booker,3.2,6646.0,174.0,,
Pete Buttigieg,8.4,16260.0,174.0,,
Kamala Harris,6.2,10420.0,174.0,,
Beto O'Rourke,1.8,4402.0,174.0,,
Elizabeth Warren,11.8,10356.0,174.0,,
Elizabeth Warren,13.0,10356.0,174.0,,
Pete Buttigieg,7.0,16260.0,174.0,,
Kamala Harris,6.0,10420.0,174.0,,
Beto O'Rourke,4.0,4402.0,174.0,,
Cory Booker,3.0,6646.0,174.0,,
Andrew Yang,2.0,6488.0,174.0,,
Julian Castro,1.0,1793.0,174.0,,
Tulsi Gabbard,1.0,6947.0,174.0,,
Elizabeth Warren,7.0,9261.0,172.0,,
Kamala Harris,5.1,6977.0,172.0,,
Pete Buttigieg,2.4,8281.0,172.0,,
Cory Booker,1.6,10699.0,172.0,,
Beto O'Rourke,.8,3788.0,172.0,,
Andrew Yang,.5,6204.0,172.0,,
Elizabeth Warren,22.0,9261.0,172.0,,
Kamala Harris,8.0,6977.0,172.0,,
Pete Buttigieg,13.0,8281.0,172.0,,
Andrew Yang,1.0,6204.0,172.0,,
Beto O'Rourke,2.0,3788.0,172.0,,
Julian Castro,1.0,1210.0,172.0,,
Tulsi Gabbard,1.0,5045.0,172.0,,
Cory Booker,2.0,10699.0,172.0,,
Elizabeth Warren,20.0,11600.0,171.0,,
Pete Buttigieg,17.0,9619.0,171.0,,
Kamala Harris,4.0,10941.0,171.0,,
Cory Booker,5.0,12420.0,171.0,,
Beto O'Rourke,1.0,4454.0,171.0,,
Andrew Yang,1.0,6954.0,171.0,,
Tulsi Gabbard,1.0,5496.0,171.0,,
Julian Castro,1.0,1826.0,171.0,,
Elizabeth Warren,21.0,11600.0,171.0,,
Pete Buttigieg,14.0,9619.0,171.0,,
Kamala Harris,3.0,10941.0,171.0,,
Cory Booker,.0,12420.0,171.0,,
Beto O'Rourke,4.0,4454.0,171.0,,
Andrew Yang,1.0,6954.0,171.0,,
Tulsi Gabbard,1.0,5496.0,171.0,,
Julian Castro,.0,1826.0,171.0,,
Elizabeth Warren,15.0,11600.0,171.0,,
Pete Buttigieg,11.0,9619.0,171.0,,
Kamala Harris,9.0,10941.0,171.0,,
Cory Booker,5.0,12420.0,171.0,,
Beto O'Rourke,5.0,4454.0,171.0,,
Andrew Yang,2.0,6954.0,171.0,,
Tulsi Gabbard,.0,5496.0,171.0,,
Julian Castro,.0,1826.0,171.0,,
Cory Booker,2.0,3007.0,169.0,,
Pete Buttigieg,9.0,13323.0,169.0,,
Julian Castro,1.0,1876.0,169.0,,
Tulsi Gabbard,1.0,5389.0,169.0,,
Kamala Harris,7.0,6074.0,169.0,,
Beto O'Rourke,4.0,5104.0,169.0,,
Elizabeth Warren,14.0,9594.0,169.0,,
Andrew Yang,1.0,9225.0,169.0,,
Pete Buttigieg,15.0,17900.0,168.0,,
Elizabeth Warren,15.0,13505.0,168.0,,
Kamala Harris,7.0,6600.0,168.0,,
Beto O'Rourke,3.0,4212.0,168.0,,
Andrew Yang,3.0,6805.0,168.0,,
Cory Booker,2.0,3569.0,168.0,,
Julian Castro,1.0,1074.0,168.0,,
Tulsi Gabbard,.0,5931.0,168.0,,
Beto O'Rourke,1.0,4212.0,168.0,,
Kamala Harris,6.0,6600.0,168.0,,
Elizabeth Warren,12.0,13505.0,168.0,,
Cory Booker,1.0,3569.0,168.0,,
Julian Castro,.0,1074.0,168.0,,
Tulsi Gabbard,.0,5931.0,168.0,,
Pete Buttigieg,8.0,17900.0,168.0,,
Andrew Yang,.0,6805.0,168.0,,
Elizabeth Warren,15.0,13505.0,168.0,,
Kamala Harris,8.0,6600.0,168.0,,
Pete Buttigieg,5.0,17900.0,168.0,,
Beto O'Rourke,3.0,4212.0,168.0,,
Cory Booker,2.0,3569.0,168.0,,
Andrew Yang,2.0,6805.0,168.0,,
Tulsi Gabbard,1.0,5931.0,168.0,,
Julian Castro,.0,1074.0,168.0,,
Elizabeth Warren,11.0,10402.0,167.0,,
Pete Buttigieg,7.0,19587.0,167.0,,
Kamala Harris,7.0,7913.0,167.0,,
Beto O'Rourke,4.0,7138.0,167.0,,
Cory Booker,3.0,3944.0,167.0,,
Julian Castro,1.0,1737.0,167.0,,
Tulsi Gabbard,1.0,5979.0,167.0,,
Andrew Yang,1.0,8854.0,167.0,,
Elizabeth Warren,7.0,10245.0,166.0,,
Beto O'Rourke,6.0,5236.0,166.0,,
Kamala Harris,5.0,6153.0,166.0,,
Pete Buttigieg,4.0,9853.0,166.0,,
Cory Booker,3.0,3494.0,166.0,,
Julian Castro,2.0,2030.0,166.0,,
Andrew Yang,.0,8114.0,166.0,,
Tulsi Gabbard,.0,6373.0,166.0,,
Cory Booker,2.1,3494.0,166.0,,
Pete Buttigieg,9.4,9853.0,166.0,,
Julian Castro,1.3,2030.0,166.0,,
Tulsi Gabbard,.0,6373.0,166.0,,
Kamala Harris,8.3,6153.0,166.0,,
Beto O'Rourke,2.3,5236.0,166.0,,
Elizabeth Warren,9.6,10245.0,166.0,,
Andrew Yang,.5,8114.0,166.0,,
Elizabeth Warren,17.0,9512.0,165.0,,
Pete Buttigieg,11.0,11223.0,165.0,,
Kamala Harris,9.0,6680.0,165.0,,
Cory Booker,5.0,3402.0,165.0,,
Beto O'Rourke,4.0,7610.0,165.0,,
Andrew Yang,3.0,11264.0,165.0,,
Tulsi Gabbard,1.0,8066.0,165.0,,
Elizabeth Warren,10.0,8252.0,164.0,,
Kamala Harris,9.0,8589.0,164.0,,
Pete Buttigieg,8.0,10926.0,164.0,,
Beto O'Rourke,4.0,10265.0,164.0,,
Cory Booker,3.0,4296.0,164.0,,
Julian Castro,1.0,6584.0,164.0,,
Andrew Yang,1.0,7320.0,164.0,,
Tulsi Gabbard,.0,5331.0,164.0,,
Elizabeth Warren,9.0,8292.0,163.0,,
Pete Buttigieg,8.0,12433.0,163.0,,
Kamala Harris,8.0,9617.0,163.0,,
Beto O'Rourke,4.0,4090.0,163.0,,
Cory Booker,3.0,4252.0,163.0,,
Andrew Yang,2.0,6586.0,163.0,,
Julian Castro,1.0,1383.0,163.0,,
Tulsi Gabbard,1.0,5799.0,163.0,,
Elizabeth Warren,21.0,8292.0,163.0,,
Pete Buttigieg,11.0,12433.0,163.0,,
Kamala Harris,4.0,9617.0,163.0,,
Beto O'Rourke,3.0,4090.0,163.0,,
Andrew Yang,2.0,6586.0,163.0,,
Cory Booker,1.0,4252.0,163.0,,
Julian Castro,1.0,1383.0,163.0,,
Tulsi Gabbard,.0,5799.0,163.0,,
Elizabeth Warren,12.0,8292.0,163.0,,
Pete Buttigieg,11.0,12433.0,163.0,,
Kamala Harris,5.0,9617.0,163.0,,
Beto O'Rourke,4.0,4090.0,163.0,,
Cory Booker,3.0,4252.0,163.0,,
Tulsi Gabbard,1.0,5799.0,163.0,,
Julian Castro,.0,1383.0,163.0,,
Andrew Yang,.0,6586.0,163.0,,
Elizabeth Warren,17.0,8292.0,163.0,,
Pete Buttigieg,10.0,12433.0,163.0,,
Kamala Harris,7.0,9617.0,163.0,,
Beto O'Rourke,4.0,4090.0,163.0,,
Cory Booker,3.0,4252.0,163.0,,
Andrew Yang,1.0,6586.0,163.0,,
Tulsi Gabbard,.0,5799.0,163.0,,
Julian Castro,.0,1383.0,163.0,,
Elizabeth Warren,8.0,8292.0,163.0,,
Kamala Harris,7.0,9617.0,163.0,,
Pete Buttigieg,6.0,12433.0,163.0,,
Beto O'Rourke,4.0,4090.0,163.0,,
Cory Booker,4.0,4252.0,163.0,,
Andrew Yang,1.0,6586.0,163.0,,
Tulsi Gabbard,.0,5799.0,163.0,,
Julian Castro,.0,1383.0,163.0,,
Andrew Yang,2.0,7340.0,162.0,,
Beto O'Rourke,2.0,3981.0,162.0,,
Cory Booker,2.0,2782.0,162.0,,
Elizabeth Warren,10.0,8410.0,162.0,,
Julian Castro,.0,1051.0,162.0,,
Kamala Harris,6.0,8510.0,162.0,,
Pete Buttigieg,6.0,12725.0,162.0,,
Tulsi Gabbard,.0,7026.0,162.0,,
Elizabeth Warren,19.0,8410.0,162.0,,
Pete Buttigieg,7.0,12725.0,162.0,,
Kamala Harris,6.0,8510.0,162.0,,
Cory Booker,2.0,2782.0,162.0,,
Beto O'Rourke,2.0,3981.0,162.0,,
Andrew Yang,2.0,7340.0,162.0,,
Julian Castro,1.0,1051.0,162.0,,
Tulsi Gabbard,1.0,7026.0,162.0,,
Beto O'Rourke,3.0,4793.0,161.0,,
Kamala Harris,7.0,6684.0,161.0,,
Elizabeth Warren,15.0,10505.0,161.0,,
Cory Booker,1.0,3279.0,161.0,,
Julian Castro,.0,1118.0,161.0,,
Tulsi Gabbard,.0,6405.0,161.0,,
Pete Buttigieg,8.0,13175.0,161.0,,
Andrew Yang,1.0,9316.0,161.0,,
Elizabeth Warren,19.0,10505.0,161.0,,
Pete Buttigieg,14.0,13175.0,161.0,,
Kamala Harris,8.0,6684.0,161.0,,
Beto O'Rourke,3.0,4793.0,161.0,,
Andrew Yang,1.0,9316.0,161.0,,
Cory Booker,1.0,3279.0,161.0,,
Tulsi Gabbard,1.0,6405.0,161.0,,
Julian Castro,.0,1118.0,161.0,,
Elizabeth Warren,18.0,10505.0,161.0,,
Kamala Harris,13.4,6684.0,161.0,,
Pete Buttigieg,10.0,13175.0,161.0,,
Beto O'Rourke,3.2,4793.0,161.0,,
Cory Booker,1.1,3279.0,161.0,,
Andrew Yang,.9,9316.0,161.0,,
Julian Castro,.6,1118.0,161.0,,
Cory Booker,1.1,3088.0,160.0,,
Pete Buttigieg,8.4,16022.0,160.0,,
Julian Castro,.0,1131.0,160.0,,
Tulsi Gabbard,1.1,5902.0,160.0,,
Kamala Harris,4.6,7310.0,160.0,,
Beto O'Rourke,.5,7813.0,160.0,,
Elizabeth Warren,10.3,10079.0,160.0,,
Andrew Yang,.8,11642.0,160.0,,
Elizabeth Warren,11.0,10079.0,160.0,,
Pete Buttigieg,7.0,16022.0,160.0,,
Kamala Harris,7.0,7310.0,160.0,,
Beto O'Rourke,4.0,7813.0,160.0,,
Cory Booker,3.0,3088.0,160.0,,
Julian Castro,1.0,1131.0,160.0,,
Tulsi Gabbard,1.0,5902.0,160.0,,
Andrew Yang,1.0,11642.0,160.0,,
Beto O'Rourke,15.0,7813.0,160.0,,
Elizabeth Warren,14.0,10079.0,160.0,,
Pete Buttigieg,8.0,16022.0,160.0,,
Kamala Harris,5.0,7310.0,160.0,,
Julian Castro,3.0,1131.0,160.0,,
Tulsi Gabbard,3.0,5902.0,160.0,,
Cory Booker,1.0,3088.0,160.0,,
Andrew Yang,.0,11642.0,160.0,,
Elizabeth Warren,13.0,22625.0,157.0,,
Pete Buttigieg,11.0,9112.0,157.0,,
Kamala Harris,7.0,5502.0,157.0,,
Beto O'Rourke,3.0,4098.0,157.0,,
Cory Booker,2.0,3316.0,157.0,,
Julian Castro,2.0,1184.0,157.0,,
Andrew Yang,1.0,4228.0,157.0,,
Tulsi Gabbard,.0,5368.0,157.0,,
Cory Booker,1.0,3745.0,156.0,,
Pete Buttigieg,14.0,12147.0,156.0,,
Julian Castro,1.0,1213.0,156.0,,
Tulsi Gabbard,1.0,6357.0,156.0,,
Kamala Harris,7.0,5732.0,156.0,,
Beto O'Rourke,2.0,5072.0,156.0,,
Elizabeth Warren,15.0,7421.0,156.0,,
Andrew Yang,1.0,3916.0,156.0,,
Kamala Harris,6.0,5732.0,156.0,,
Elizabeth Warren,8.0,7421.0,156.0,,
Beto O'Rourke,4.0,5072.0,156.0,,
Cory Booker,2.0,3745.0,156.0,,
Julian Castro,.0,1213.0,156.0,,
Pete Buttigieg,5.0,12147.0,156.0,,
Tulsi Gabbard,1.0,6357.0,156.0,,
Andrew Yang,1.0,3916.0,156.0,,
Kamala Harris,6.0,5732.0,156.0,,
Elizabeth Warren,9.0,7421.0,156.0,,
Beto O'Rourke,3.0,5072.0,156.0,,
Cory Booker,2.0,3745.0,156.0,,
Julian Castro,1.0,1213.0,156.0,,
Pete Buttigieg,5.0,12147.0,156.0,,
Tulsi Gabbard,1.0,6357.0,156.0,,
Andrew Yang,1.0,3916.0,156.0,,
Beto O'Rourke,16.0,4012.0,155.0,,
Kamala Harris,4.0,10065.0,155.0,,
Elizabeth Warren,11.0,5773.0,155.0,,
Cory Booker,1.0,2588.0,155.0,,
Julian Castro,4.0,1473.0,155.0,,
Tulsi Gabbard,.0,5115.0,155.0,,
Pete Buttigieg,3.0,15310.0,155.0,,
Andrew Yang,1.0,4170.0,155.0,,
Elizabeth Warren,14.9,5312.0,154.0,,
Pete Buttigieg,8.3,12977.0,154.0,,
Kamala Harris,4.9,22413.0,154.0,,
Beto O'Rourke,3.0,4869.0,154.0,,
Cory Booker,.7,3229.0,154.0,,
Andrew Yang,1.1,4778.0,154.0,,
Tulsi Gabbard,.3,4627.0,154.0,,
Julian Castro,.0,987.0,154.0,,
Elizabeth Warren,16.0,5312.0,154.0,,
Pete Buttigieg,13.0,12977.0,154.0,,
Kamala Harris,12.0,22413.0,154.0,,
Beto O'Rourke,4.0,4869.0,154.0,,
Beto O'Rourke,27.0,4869.0,154.0,,
Elizabeth Warren,12.0,5312.0,154.0,,
Kamala Harris,8.0,22413.0,154.0,,
Pete Buttigieg,8.0,12977.0,154.0,,
Julian Castro,2.0,987.0,154.0,,
Cory Booker,1.0,3229.0,154.0,,
Andrew Yang,1.0,4778.0,154.0,,
Tulsi Gabbard,.0,4627.0,154.0,,
Elizabeth Warren,5.0,6822.0,153.0,,
Kamala Harris,4.0,22890.0,153.0,,
Pete Buttigieg,8.0,9108.0,153.0,,
Beto O'Rourke,4.0,10083.0,153.0,,
Cory Booker,3.0,4179.0,153.0,,
Andrew Yang,.0,5434.0,153.0,,
Julian Castro,.0,1362.0,153.0,,
Tulsi Gabbard,.0,5178.0,153.0,,
Elizabeth Warren,10.0,6822.0,153.0,,
Kamala Harris,7.0,22890.0,153.0,,
Pete Buttigieg,7.0,9108.0,153.0,,
Beto O'Rourke,4.0,10083.0,153.0,,
Cory Booker,3.0,4179.0,153.0,,
Julian Castro,1.0,1362.0,153.0,,
Tulsi Gabbard,1.0,5178.0,153.0,,
Andrew Yang,1.0,5434.0,153.0,,
Kamala Harris,8.0,6499.0,151.0,,
Elizabeth Warren,7.0,9149.0,151.0,,
Pete Buttigieg,5.0,10237.0,151.0,,
Beto O'Rourke,5.0,6633.0,151.0,,
Cory Booker,3.0,3806.0,151.0,,
Julian Castro,2.0,999.0,151.0,,
Tulsi Gabbard,1.0,4676.0,151.0,,
Andrew Yang,1.0,4757.0,151.0,,
Kamala Harris,17.2,6499.0,151.0,,
Elizabeth Warren,10.7,9149.0,151.0,,
Pete Buttigieg,9.3,10237.0,151.0,,
Beto O'Rourke,4.4,6633.0,151.0,,
Cory Booker,1.7,3806.0,151.0,,
Andrew Yang,.1,4757.0,151.0,,
Tulsi Gabbard,.1,4676.0,151.0,,
Julian Castro,.5,999.0,151.0,,
Kamala Harris,8.0,9120.0,150.0,,
Elizabeth Warren,5.0,9937.0,150.0,,
Pete Buttigieg,5.0,12493.0,150.0,,
Beto O'Rourke,4.0,9925.0,150.0,,
Cory Booker,3.0,3887.0,150.0,,
Andrew Yang,1.0,5984.0,150.0,,
Julian Castro,1.0,1038.0,150.0,,
Tulsi Gabbard,.0,5466.0,150.0,,
Elizabeth Warren,41.0,9937.0,150.0,,
Elizabeth Warren,40.0,9937.0,150.0,,
Kamala Harris,38.0,9120.0,150.0,,
Kamala Harris,37.0,9120.0,150.0,,
Elizabeth Warren,9.8,5261.0,149.0,,
Pete Buttigieg,5.6,12941.0,149.0,,
Kamala Harris,3.7,38495.0,149.0,,
Beto O'Rourke,1.9,13777.0,149.0,,
Cory Booker,1.5,2861.0,149.0,,
Andrew Yang,.4,6948.0,149.0,,
Julian Castro,2.4,1170.0,149.0,,
Tulsi Gabbard,1.1,7169.0,149.0,,
Elizabeth Warren,6.5,5261.0,149.0,,
Pete Buttigieg,5.7,12941.0,149.0,,
Kamala Harris,2.2,38495.0,149.0,,
Beto O'Rourke,3.6,13777.0,149.0,,
Cory Booker,1.5,2861.0,149.0,,
Andrew Yang,1.2,6948.0,149.0,,
Julian Castro,1.3,1170.0,149.0,,
Tulsi Gabbard,2.0,7169.0,149.0,,
Elizabeth Warren,8.1,5261.0,149.0,,
Pete Buttigieg,9.2,12941.0,149.0,,
Kamala Harris,6.8,38495.0,149.0,,
Beto O'Rourke,3.7,13777.0,149.0,,
Cory Booker,.8,2861.0,149.0,,
Andrew Yang,1.8,6948.0,149.0,,
Julian Castro,1.1,1170.0,149.0,,
Tulsi Gabbard,.9,7169.0,149.0,,
Elizabeth Warren,12.3,5261.0,149.0,,
Pete Buttigieg,6.0,12941.0,149.0,,
Kamala Harris,4.8,38495.0,149.0,,
Beto O'Rourke,2.1,13777.0,149.0,,
Cory Booker,2.7,2861.0,149.0,,
Andrew Yang,2.9,6948.0,149.0,,
Julian Castro,.3,1170.0,149.0,,
Tulsi Gabbard,1.4,7169.0,149.0,,
Elizabeth Warren,7.7,5261.0,149.0,,
Pete Buttigieg,8.5,12941.0,149.0,,
Kamala Harris,3.1,38495.0,149.0,,
Beto O'Rourke,2.2,13777.0,149.0,,
Cory Booker,2.4,2861.0,149.0,,
Andrew Yang,.8,6948.0,149.0,,
Julian Castro,1.1,1170.0,149.0,,
Tulsi Gabbard,.0,7169.0,149.0,,
Elizabeth Warren,12.2,5261.0,149.0,,
Pete Buttigieg,6.9,12941.0,149.0,,
Kamala Harris,3.8,38495.0,149.0,,
Beto O'Rourke,2.2,13777.0,149.0,,
Cory Booker,4.3,2861.0,149.0,,
Andrew Yang,.3,6948.0,149.0,,
Julian Castro,.5,1170.0,149.0,,
Tulsi Gabbard,.5,7169.0,149.0,,
Elizabeth Warren,13.5,5261.0,149.0,,
Pete Buttigieg,6.7,12941.0,149.0,,
Kamala Harris,7.3,38495.0,149.0,,
Beto O'Rourke,1.4,13777.0,149.0,,
Cory Booker,2.3,2861.0,149.0,,
Andrew Yang,.0,6948.0,149.0,,
Julian Castro,.7,1170.0,149.0,,
Tulsi Gabbard,.5,7169.0,149.0,,
Kamala Harris,15.0,8076.0,148.0,,
Pete Buttigieg,12.0,17507.0,148.0,,
Elizabeth Warren,12.0,6116.0,148.0,,
Beto O'Rourke,3.0,5111.0,148.0,,
Tulsi Gabbard,1.0,9241.0,148.0,,
Andrew Yang,1.0,5789.0,148.0,,
Julian Castro,1.0,1021.0,148.0,,
Cory Booker,1.0,3414.0,148.0,,
Elizabeth Warren,9.0,4246.0,146.0,,
Pete Buttigieg,7.0,29872.0,146.0,,
Kamala Harris,7.0,5671.0,146.0,,
Beto O'Rourke,4.0,7222.0,146.0,,
Cory Booker,3.0,2502.0,146.0,,
Julian Castro,1.0,992.0,146.0,,
Andrew Yang,1.0,3837.0,146.0,,
Tulsi Gabbard,1.0,6475.0,146.0,,
Cory Booker,3.0,2559.0,145.0,,
Pete Buttigieg,5.0,18951.0,145.0,,
Julian Castro,1.0,1276.0,145.0,,
Tulsi Gabbard,.0,7289.0,145.0,,
Kamala Harris,6.0,6214.0,145.0,,
Beto O'Rourke,3.0,4015.0,145.0,,
Elizabeth Warren,7.0,4548.0,145.0,,
Andrew Yang,1.0,7508.0,145.0,,
Elizabeth Warren,15.0,5870.0,144.0,,
Pete Buttigieg,10.0,25170.0,144.0,,
Elizabeth Warren,8.0,5870.0,144.0,,
Kamala Harris,7.0,9679.0,144.0,,
Pete Buttigieg,3.0,25170.0,144.0,,
Cory Booker,2.0,2585.0,144.0,,
Elizabeth Warren,29.0,4965.0,142.0,,
Pete Buttigieg,21.0,25203.0,142.0,,
Elizabeth Warren,11.0,4965.0,142.0,,
Pete Buttigieg,7.0,25203.0,142.0,,
Kamala Harris,7.0,6807.0,142.0,,
Beto O'Rourke,1.0,22946.0,142.0,,
Pete Buttigieg,5.0,34519.0,141.0,,
Elizabeth Warren,5.0,4903.0,141.0,,
Beto O'Rourke,5.0,5967.0,141.0,,
Kamala Harris,5.0,7809.0,141.0,,
Cory Booker,2.0,2619.0,141.0,,
Andrew Yang,1.0,4434.0,141.0,,
Julian Castro,1.0,1166.0,141.0,,
Tulsi Gabbard,.0,9717.0,141.0,,
Kamala Harris,20.0,7809.0,141.0,,
Pete Buttigieg,17.0,34519.0,141.0,,
Elizabeth Warren,19.0,4903.0,141.0,,
Elizabeth Warren,15.0,4903.0,141.0,,
Pete Buttigieg,9.0,34519.0,141.0,,
Kamala Harris,8.0,7809.0,141.0,,
Beto O'Rourke,4.0,5967.0,141.0,,
Cory Booker,2.0,2619.0,141.0,,
Andrew Yang,2.0,4434.0,141.0,,
Tulsi Gabbard,1.0,9717.0,141.0,,
Julian Castro,.0,1166.0,141.0,,
Beto O'Rourke,2.0,5339.0,140.0,,
Kamala Harris,8.0,11009.0,140.0,,
Elizabeth Warren,13.0,5357.0,140.0,,
Cory Booker,3.0,2654.0,140.0,,
Julian Castro,1.0,872.0,140.0,,
Tulsi Gabbard,1.0,11499.0,140.0,,
Pete Buttigieg,5.0,45858.0,140.0,,
Andrew Yang,1.0,4528.0,140.0,,
Kamala Harris,11.0,11009.0,140.0,,
Elizabeth Warren,10.0,5357.0,140.0,,
Pete Buttigieg,6.0,45858.0,140.0,,
Beto O'Rourke,4.0,5339.0,140.0,,
Cory Booker,1.0,2654.0,140.0,,
Julian Castro,1.0,872.0,140.0,,
Tulsi Gabbard,1.0,11499.0,140.0,,
Andrew Yang,1.0,4528.0,140.0,,
Beto O'Rourke,4.9,4975.0,139.0,,
Pete Buttigieg,8.8,33743.0,139.0,,
Elizabeth Warren,11.9,5623.0,139.0,,
Kamala Harris,6.7,7083.0,139.0,,
Julian Castro,1.8,876.0,139.0,,
Cory Booker,.9,4480.0,139.0,,
Andrew Yang,.5,4522.0,139.0,,
Tulsi Gabbard,.0,17248.0,139.0,,
Pete Buttigieg,14.0,33743.0,139.0,,
Elizabeth Warren,12.0,5623.0,139.0,,
Kamala Harris,10.0,7083.0,139.0,,
Beto O'Rourke,5.0,4975.0,139.0,,
Andrew Yang,2.0,4522.0,139.0,,
Cory Booker,1.0,4480.0,139.0,,
Tulsi Gabbard,1.0,17248.0,139.0,,
Julian Castro,.0,876.0,139.0,,
Elizabeth Warren,9.0,5623.0,139.0,,
Kamala Harris,8.0,7083.0,139.0,,
Pete Buttigieg,6.0,33743.0,139.0,,
Beto O'Rourke,4.0,4975.0,139.0,,
Cory Booker,3.0,4480.0,139.0,,
Julian Castro,1.0,876.0,139.0,,
Tulsi Gabbard,1.0,17248.0,139.0,,
Andrew Yang,1.0,4522.0,139.0,,
Pete Buttigieg,6.0,12929.0,138.0,,
Cory Booker,1.0,3011.0,138.0,,
Julian Castro,1.0,807.0,138.0,,
Tulsi Gabbard,.0,15329.0,138.0,,
Kamala Harris,6.0,6915.0,138.0,,
Beto O'Rourke,5.0,4559.0,138.0,,
Elizabeth Warren,8.0,5550.0,138.0,,
Andrew Yang,1.0,4882.0,138.0,,
Kamala Harris,10.0,11323.0,136.0,,
Pete Buttigieg,8.0,13551.0,136.0,,
Elizabeth Warren,8.0,7914.0,136.0,,
Cory Booker,4.0,5295.0,136.0,,
Elizabeth Warren,9.0,8443.0,134.0,,
Pete Buttigieg,6.0,23218.0,134.0,,
Kamala Harris,5.0,10617.0,134.0,,
Beto O'Rourke,4.0,19973.0,134.0,,
Cory Booker,3.0,5442.0,134.0,,
Julian Castro,2.0,1772.0,134.0,,
Tulsi Gabbard,1.0,51464.0,134.0,,
Andrew Yang,1.0,7397.0,134.0,,
Kamala Harris,6.0,10617.0,134.0,,
Elizabeth Warren,6.0,8443.0,134.0,,
Beto O'Rourke,6.0,19973.0,134.0,,
Cory Booker,2.0,5442.0,134.0,,
Julian Castro,1.0,1772.0,134.0,,
Pete Buttigieg,4.0,23218.0,134.0,,
Tulsi Gabbard,.0,51464.0,134.0,,
Andrew Yang,1.0,7397.0,134.0,,
Kamala Harris,7.0,10617.0,134.0,,
Elizabeth Warren,7.0,8443.0,134.0,,
Beto O'Rourke,6.0,19973.0,134.0,,
Cory Booker,2.0,5442.0,134.0,,
Julian Castro,1.0,1772.0,134.0,,
Pete Buttigieg,4.0,23218.0,134.0,,
Tulsi Gabbard,.0,51464.0,134.0,,
Andrew Yang,1.0,7397.0,134.0,,
Beto O'Rourke,2.0,19973.0,134.0,,
Kamala Harris,8.0,10617.0,134.0,,
Elizabeth Warren,8.0,8443.0,134.0,,
Cory Booker,5.0,5442.0,134.0,,
Julian Castro,.0,1772.0,134.0,,
Tulsi Gabbard,.0,51464.0,134.0,,
Pete Buttigieg,6.0,23218.0,134.0,,
Andrew Yang,.0,7397.0,134.0,,
Kamala Harris,10.4,18185.0,133.0,,
Pete Buttigieg,7.5,12327.0,133.0,,
Elizabeth Warren,9.7,5944.0,133.0,,
Beto O'Rourke,2.9,4715.0,133.0,,
Andrew Yang,1.1,5378.0,133.0,,
Cory Booker,.6,7152.0,133.0,,
Julian Castro,2.1,1579.0,133.0,,
Tulsi Gabbard,1.0,5857.0,133.0,,
Cory Booker,4.0,7152.0,133.0,,
Pete Buttigieg,5.0,12327.0,133.0,,
Julian Castro,1.0,1579.0,133.0,,
Tulsi Gabbard,.0,5857.0,133.0,,
Kamala Harris,6.0,18185.0,133.0,,
Beto O'Rourke,5.0,4715.0,133.0,,
Elizabeth Warren,8.0,5944.0,133.0,,
Andrew Yang,1.0,5378.0,133.0,,
Pete Buttigieg,13.0,17592.0,132.0,,
Elizabeth Warren,12.0,6986.0,132.0,,
Kamala Harris,11.0,26033.0,132.0,,
Beto O'Rourke,4.0,5929.0,132.0,,
Cory Booker,2.0,10649.0,132.0,,
Julian Castro,1.0,817.0,132.0,,
Tulsi Gabbard,1.0,4742.0,132.0,,
Andrew Yang,1.0,5325.0,132.0,,
Elizabeth Warren,8.0,6986.0,132.0,,
Kamala Harris,8.0,26033.0,132.0,,
Pete Buttigieg,6.0,17592.0,132.0,,
Beto O'Rourke,5.0,5929.0,132.0,,
Cory Booker,3.0,10649.0,132.0,,
Andrew Yang,1.0,5325.0,132.0,,
Julian Castro,1.0,817.0,132.0,,
Tulsi Gabbard,1.0,4742.0,132.0,,
Elizabeth Warren,7.0,6291.0,131.0,,
Kamala Harris,7.0,8952.0,131.0,,
Cory Booker,5.0,7869.0,131.0,,
Beto O'Rourke,5.0,5791.0,131.0,,
Pete Buttigieg,4.0,17599.0,131.0,,
Andrew Yang,2.0,5492.0,131.0,,
Julian Castro,1.0,1063.0,131.0,,
Tulsi Gabbard,.4,4887.0,131.0,,
Elizabeth Warren,9.0,5383.0,130.0,,
Pete Buttigieg,5.0,11855.0,130.0,,
Kamala Harris,4.0,11738.0,130.0,,
Cory Booker,3.0,4072.0,130.0,,
Beto O'Rourke,1.0,5740.0,130.0,,
Tulsi Gabbard,1.0,5709.0,130.0,,
Julian Castro,.0,1319.0,130.0,,
Andrew Yang,.0,8245.0,130.0,,
Kamala Harris,10.0,8467.0,129.0,,
Pete Buttigieg,8.0,12389.0,129.0,,
Elizabeth Warren,8.0,5494.0,129.0,,
Cory Booker,4.0,4676.0,129.0,,
Beto O'Rourke,2.0,5904.0,129.0,,
Andrew Yang,2.0,4786.0,129.0,,
Julian Castro,.0,1246.0,129.0,,
Tulsi Gabbard,.0,8206.0,129.0,,
Pete Buttigieg,7.0,12389.0,129.0,,
Kamala Harris,5.0,8467.0,129.0,,
Elizabeth Warren,6.0,5494.0,129.0,,
Beto O'Rourke,5.0,5904.0,129.0,,
Cory Booker,3.0,4676.0,129.0,,
Andrew Yang,2.0,4786.0,129.0,,
Julian Castro,1.0,1246.0,129.0,,
Tulsi Gabbard,1.0,8206.0,129.0,,
Elizabeth Warren,5.0,5798.0,128.0,,
Kamala Harris,5.0,8309.0,128.0,,
Pete Buttigieg,3.0,15645.0,128.0,,
Beto O'Rourke,1.0,5711.0,128.0,,
Cory Booker,1.0,4122.0,128.0,,
Pete Buttigieg,9.0,17254.0,127.0,,
Elizabeth Warren,8.0,6160.0,127.0,,
Kamala Harris,6.0,10161.0,127.0,,
Cory Booker,2.0,4657.0,127.0,,
Beto O'Rourke,2.0,5889.0,127.0,,
Andrew Yang,1.0,7555.0,127.0,,
Tulsi Gabbard,.0,6000.0,127.0,,
Julian Castro,.0,1451.0,127.0,,
Pete Buttigieg,12.0,18694.0,125.0,,
Elizabeth Warren,9.0,9119.0,125.0,,
Kamala Harris,8.0,16998.0,125.0,,
Beto O'Rourke,3.0,6269.0,125.0,,
Cory Booker,2.0,7237.0,125.0,,
Andrew Yang,2.0,6251.0,125.0,,
Tulsi Gabbard,1.0,5532.0,125.0,,
Julian Castro,.0,1423.0,125.0,,
Elizabeth Warren,8.0,9119.0,125.0,,
Kamala Harris,6.0,16998.0,125.0,,
Pete Buttigieg,5.0,18694.0,125.0,,
Beto O'Rourke,4.0,6269.0,125.0,,
Cory Booker,3.0,7237.0,125.0,,
Julian Castro,1.0,1423.0,125.0,,
Elizabeth Warren,8.0,9119.0,125.0,,
Kamala Harris,7.0,16998.0,125.0,,
Pete Buttigieg,6.0,18694.0,125.0,,
Beto O'Rourke,5.0,6269.0,125.0,,
Cory Booker,3.0,7237.0,125.0,,
Andrew Yang,1.0,6251.0,125.0,,
Julian Castro,1.0,1423.0,125.0,,
Tulsi Gabbard,1.0,5532.0,125.0,,
Pete Buttigieg,20.0,18694.0,125.0,,
Kamala Harris,3.0,16998.0,125.0,,
Elizabeth Warren,2.0,9119.0,125.0,,
Beto O'Rourke,2.0,6269.0,125.0,,
Cory Booker,1.0,7237.0,125.0,,
Pete Buttigieg,8.0,20745.0,124.0,,
Elizabeth Warren,7.0,4975.0,124.0,,
Kamala Harris,6.0,31467.0,124.0,,
Beto O'Rourke,3.4,6581.0,124.0,,
Cory Booker,2.7,5467.0,124.0,,
Tulsi Gabbard,1.3,5564.0,124.0,,
Julian Castro,1.2,2007.0,124.0,,
Andrew Yang,.8,5932.0,124.0,,
Pete Buttigieg,11.4,24510.0,122.0,,
Elizabeth Warren,10.4,5878.0,122.0,,
Kamala Harris,4.9,44434.0,122.0,,
Beto O'Rourke,2.7,5186.0,122.0,,
Cory Booker,2.4,6277.0,122.0,,
Pete Buttigieg,9.7,24510.0,122.0,,
Elizabeth Warren,9.1,5878.0,122.0,,
Kamala Harris,7.0,44434.0,122.0,,
Beto O'Rourke,3.0,5186.0,122.0,,
Cory Booker,1.2,6277.0,122.0,,
Pete Buttigieg,5.2,24510.0,122.0,,
Elizabeth Warren,4.5,5878.0,122.0,,
Kamala Harris,4.3,44434.0,122.0,,
Beto O'Rourke,1.2,5186.0,122.0,,
Cory Booker,3.8,6277.0,122.0,,
Beto O'Rourke,8.0,5997.0,121.0,,
Cory Booker,5.0,8127.0,121.0,,
Pete Buttigieg,4.0,24306.0,121.0,,
Kamala Harris,4.0,21593.0,121.0,,
Elizabeth Warren,3.0,6950.0,121.0,,
Andrew Yang,2.0,5727.0,121.0,,
Tulsi Gabbard,.0,8487.0,121.0,,
Julian Castro,.0,2159.0,121.0,,
Kamala Harris,9.0,21593.0,121.0,,
Elizabeth Warren,5.0,6950.0,121.0,,
Beto O'Rourke,3.0,5997.0,121.0,,
Cory Booker,3.0,8127.0,121.0,,
Pete Buttigieg,2.0,24306.0,121.0,,
Andrew Yang,.0,5727.0,121.0,,
Tulsi Gabbard,.0,8487.0,121.0,,
Julian Castro,.0,2159.0,121.0,,
Pete Buttigieg,12.0,32967.0,120.0,,
Elizabeth Warren,10.0,7034.0,120.0,,
Kamala Harris,5.0,9362.0,120.0,,
Beto O'Rourke,4.0,11540.0,120.0,,
Cory Booker,3.0,7078.0,120.0,,
Julian Castro,2.0,1742.0,120.0,,
Andrew Yang,1.0,6569.0,120.0,,
Tulsi Gabbard,.0,6030.0,120.0,,
Kamala Harris,16.8,9362.0,120.0,,
Elizabeth Warren,10.0,7034.0,120.0,,
Pete Buttigieg,18.7,32967.0,120.0,,
Beto O'Rourke,4.4,11540.0,120.0,,
Cory Booker,1.9,7078.0,120.0,,
Julian Castro,.3,1742.0,120.0,,
Beto O'Rourke,5.0,9122.0,119.0,,
Kamala Harris,8.0,9455.0,119.0,,
Elizabeth Warren,12.0,8833.0,119.0,,
Cory Booker,2.0,5651.0,119.0,,
Julian Castro,1.0,1926.0,119.0,,
Tulsi Gabbard,.0,6696.0,119.0,,
Pete Buttigieg,10.0,22216.0,119.0,,
Andrew Yang,1.0,7042.0,119.0,,
Cory Booker,3.0,3840.0,118.0,,
Pete Buttigieg,5.0,20804.0,118.0,,
Julian Castro,1.0,1677.0,118.0,,
Tulsi Gabbard,1.0,6812.0,118.0,,
Kamala Harris,5.0,12336.0,118.0,,
Beto O'Rourke,5.0,8470.0,118.0,,
Elizabeth Warren,6.0,7702.0,118.0,,
Andrew Yang,.0,6616.0,118.0,,
Beto O'Rourke,21.7,8470.0,118.0,,
Pete Buttigieg,8.4,20804.0,118.0,,
Elizabeth Warren,6.8,7702.0,118.0,,
Kamala Harris,3.1,12336.0,118.0,,
Julian Castro,4.4,1677.0,118.0,,
Cory Booker,.6,3840.0,118.0,,
Andrew Yang,3.2,6616.0,118.0,,
Tulsi Gabbard,.0,6812.0,118.0,,
Cory Booker,2.8,3840.0,118.0,,
Pete Buttigieg,11.9,20804.0,118.0,,
Julian Castro,.2,1677.0,118.0,,
Tulsi Gabbard,1.2,6812.0,118.0,,
Kamala Harris,6.1,12336.0,118.0,,
Beto O'Rourke,3.0,8470.0,118.0,,
Elizabeth Warren,8.4,7702.0,118.0,,
Andrew Yang,1.2,6616.0,118.0,,
Elizabeth Warren,8.0,7702.0,118.0,,
Pete Buttigieg,7.0,20804.0,118.0,,
Beto O'Rourke,6.0,8470.0,118.0,,
Kamala Harris,5.0,12336.0,118.0,,
Cory Booker,2.0,3840.0,118.0,,
Tulsi Gabbard,2.0,6812.0,118.0,,
Julian Castro,1.0,1677.0,118.0,,
Andrew Yang,1.0,6616.0,118.0,,
Elizabeth Warren,9.0,7702.0,118.0,,
Pete Buttigieg,8.0,20804.0,118.0,,
Kamala Harris,7.0,12336.0,118.0,,
Beto O'Rourke,5.0,8470.0,118.0,,
Cory Booker,3.0,3840.0,118.0,,
Andrew Yang,2.0,6616.0,118.0,,
Julian Castro,1.0,1677.0,118.0,,
Tulsi Gabbard,1.0,6812.0,118.0,,
Pete Buttigieg,5.0,47811.0,115.0,,
Kamala Harris,4.0,17564.0,115.0,,
Elizabeth Warren,4.0,14270.0,115.0,,
Beto O'Rourke,4.0,11315.0,115.0,,
Cory Booker,1.0,7764.0,115.0,,
Julian Castro,.0,3678.0,115.0,,
Andrew Yang,.0,10982.0,115.0,,
Kamala Harris,6.0,45785.0,113.0,,
Elizabeth Warren,5.0,38543.0,113.0,,
Beto O'Rourke,6.0,6888.0,113.0,,
Cory Booker,3.0,4384.0,113.0,,
Julian Castro,1.0,2455.0,113.0,,
Pete Buttigieg,7.0,92221.0,113.0,,
Tulsi Gabbard,.0,7106.0,113.0,,
Andrew Yang,1.0,9723.0,113.0,,
Beto O'Rourke,25.0,6539.0,112.0,,
Pete Buttigieg,15.0,42493.0,112.0,,
Kamala Harris,5.0,8782.0,112.0,,
Elizabeth Warren,5.0,14759.0,112.0,,
Julian Castro,4.0,1832.0,112.0,,
Cory Booker,2.0,4166.0,112.0,,
Andrew Yang,1.0,8610.0,112.0,,
Tulsi Gabbard,.0,8042.0,112.0,,
Beto O'Rourke,33.0,6539.0,112.0,,
Pete Buttigieg,21.0,42493.0,112.0,,
Kamala Harris,8.0,8782.0,112.0,,
Elizabeth Warren,5.0,14759.0,112.0,,
Julian Castro,5.0,1832.0,112.0,,
Cory Booker,4.0,4166.0,112.0,,
Andrew Yang,.0,8610.0,112.0,,
Tulsi Gabbard,.0,8042.0,112.0,,
Pete Buttigieg,9.0,50944.0,111.0,,
Kamala Harris,8.0,7999.0,111.0,,
Elizabeth Warren,7.0,7270.0,111.0,,
Beto O'Rourke,6.0,6625.0,111.0,,
Cory Booker,4.0,5179.0,111.0,,
Andrew Yang,2.0,7929.0,111.0,,
Julian Castro,1.0,1523.0,111.0,,
Tulsi Gabbard,1.0,7146.0,111.0,,
Beto O'Rourke,9.0,7517.0,109.0,,
Pete Buttigieg,7.0,50757.0,109.0,,
Kamala Harris,6.0,8443.0,109.0,,
Elizabeth Warren,3.0,4879.0,109.0,,
Cory Booker,3.0,4488.0,109.0,,
Andrew Yang,2.0,9232.0,109.0,,
Julian Castro,1.0,2048.0,109.0,,
Tulsi Gabbard,.0,5398.0,109.0,,
Pete Buttigieg,14.0,69905.0,108.0,,
Kamala Harris,6.0,8524.0,108.0,,
Elizabeth Warren,6.0,3861.0,108.0,,
Beto O'Rourke,5.0,13305.0,108.0,,
Cory Booker,4.0,4320.0,108.0,,
Tulsi Gabbard,1.0,7692.0,108.0,,
Andrew Yang,1.0,12466.0,108.0,,
Julian Castro,.0,1741.0,108.0,,
Pete Buttigieg,10.0,69905.0,108.0,,
Kamala Harris,7.0,8524.0,108.0,,
Elizabeth Warren,6.0,3861.0,108.0,,
Beto O'Rourke,5.0,13305.0,108.0,,
Cory Booker,4.0,4320.0,108.0,,
Andrew Yang,1.0,12466.0,108.0,,
Julian Castro,1.0,1741.0,108.0,,
Tulsi Gabbard,.0,7692.0,108.0,,
Pete Buttigieg,15.0,69905.0,108.0,,
Elizabeth Warren,5.0,3861.0,108.0,,
Kamala Harris,4.0,8524.0,108.0,,
Cory Booker,3.0,4320.0,108.0,,
Beto O'Rourke,3.0,13305.0,108.0,,
Andrew Yang,2.0,12466.0,108.0,,
Tulsi Gabbard,1.0,7692.0,108.0,,
Julian Castro,.0,1741.0,108.0,,
Pete Buttigieg,11.0,69905.0,108.0,,
Kamala Harris,4.0,8524.0,108.0,,
Beto O'Rourke,3.0,13305.0,108.0,,
Cory Booker,3.0,4320.0,108.0,,
Elizabeth Warren,3.0,3861.0,108.0,,
Tulsi Gabbard,.0,7692.0,108.0,,
Andrew Yang,.0,12466.0,108.0,,
Pete Buttigieg,21.0,169216.0,105.0,,
Beto O'Rourke,14.0,10521.0,105.0,,
Kamala Harris,10.0,13828.0,105.0,,
Elizabeth Warren,10.0,6348.0,105.0,,
Cory Booker,5.0,6687.0,105.0,,
Andrew Yang,3.0,27205.0,105.0,,
Julian Castro,1.0,2538.0,105.0,,
Tulsi Gabbard,1.0,6091.0,105.0,,
Pete Buttigieg,17.0,169216.0,105.0,,
Beto O'Rourke,9.0,10521.0,105.0,,
Elizabeth Warren,8.0,6348.0,105.0,,
Kamala Harris,7.0,13828.0,105.0,,
Cory Booker,4.0,6687.0,105.0,,
Andrew Yang,2.0,27205.0,105.0,,
Tulsi Gabbard,2.0,6091.0,105.0,,
Julian Castro,1.0,2538.0,105.0,,
Pete Buttigieg,8.0,169216.0,105.0,,
Kamala Harris,8.0,13828.0,105.0,,
Elizabeth Warren,6.0,6348.0,105.0,,
Beto O'Rourke,4.0,10521.0,105.0,,
Cory Booker,2.0,6687.0,105.0,,
Julian Castro,.0,2538.0,105.0,,
Andrew Yang,.0,27205.0,105.0,,
Tulsi Gabbard,.0,6091.0,105.0,,
Pete Buttigieg,11.0,169216.0,105.0,,
Kamala Harris,11.0,13828.0,105.0,,
Elizabeth Warren,8.0,6348.0,105.0,,
Beto O'Rourke,6.0,10521.0,105.0,,
Cory Booker,3.0,6687.0,105.0,,
Andrew Yang,1.0,27205.0,105.0,,
Julian Castro,.0,2538.0,105.0,,
Tulsi Gabbard,.0,6091.0,105.0,,
Cory Booker,2.0,6687.0,105.0,,
Pete Buttigieg,2.0,169216.0,105.0,,
Julian Castro,1.0,2538.0,105.0,,
Tulsi Gabbard,1.0,6091.0,105.0,,
Kamala Harris,7.0,13828.0,105.0,,
Beto O'Rourke,7.0,10521.0,105.0,,
Elizabeth Warren,4.0,6348.0,105.0,,
Andrew Yang,1.0,27205.0,105.0,,
Cory Booker,3.0,6687.0,105.0,,
Pete Buttigieg,3.0,169216.0,105.0,,
Julian Castro,1.0,2538.0,105.0,,
Tulsi Gabbard,.0,6091.0,105.0,,
Kamala Harris,9.0,13828.0,105.0,,
Beto O'Rourke,7.0,10521.0,105.0,,
Elizabeth Warren,5.0,6348.0,105.0,,
Andrew Yang,2.0,27205.0,105.0,,
Beto O'Rourke,8.2,9665.0,104.0,,
Pete Buttigieg,9.0,144986.0,104.0,,
Elizabeth Warren,6.8,4052.0,104.0,,
Kamala Harris,7.6,15293.0,104.0,,
Tulsi Gabbard,.9,5276.0,104.0,,
Cory Booker,1.6,9449.0,104.0,,
Andrew Yang,2.7,22736.0,104.0,,
Julian Castro,3.3,1864.0,104.0,,
Kamala Harris,9.0,15293.0,104.0,,
Beto O'Rourke,8.0,9665.0,104.0,,
Elizabeth Warren,7.0,4052.0,104.0,,
Pete Buttigieg,7.0,144986.0,104.0,,
Cory Booker,4.0,9449.0,104.0,,
Andrew Yang,1.0,22736.0,104.0,,
Julian Castro,1.0,1864.0,104.0,,
Tulsi Gabbard,1.0,5276.0,104.0,,
Kamala Harris,12.0,15293.0,104.0,,
Beto O'Rourke,11.0,9665.0,104.0,,
Elizabeth Warren,10.0,4052.0,104.0,,
Pete Buttigieg,9.0,144986.0,104.0,,
Cory Booker,6.0,9449.0,104.0,,
Andrew Yang,2.0,22736.0,104.0,,
Julian Castro,1.0,1864.0,104.0,,
Tulsi Gabbard,1.0,5276.0,104.0,,
Kamala Harris,8.0,7290.0,100.0,,
Elizabeth Warren,8.0,5586.0,100.0,,
Pete Buttigieg,4.0,37584.0,100.0,,
Beto O'Rourke,3.0,8417.0,100.0,,
Cory Booker,3.0,4356.0,100.0,,
Kamala Harris,19.0,11206.0,99.0,,
Beto O'Rourke,10.0,11223.0,99.0,,
Pete Buttigieg,9.0,49401.0,99.0,,
Elizabeth Warren,8.0,3466.0,99.0,,
Cory Booker,3.0,6056.0,99.0,,
Julian Castro,2.0,2519.0,99.0,,
Andrew Yang,1.0,14131.0,99.0,,
Tulsi Gabbard,1.0,5690.0,99.0,,
Kamala Harris,27.0,11206.0,99.0,,
Beto O'Rourke,16.0,11223.0,99.0,,
Pete Buttigieg,11.0,49401.0,99.0,,
Elizabeth Warren,9.0,3466.0,99.0,,
Cory Booker,5.0,6056.0,99.0,,
Julian Castro,2.0,2519.0,99.0,,
Andrew Yang,1.0,14131.0,99.0,,
Tulsi Gabbard,1.0,5690.0,99.0,,
Pete Buttigieg,9.0,49401.0,99.0,,
Kamala Harris,7.0,11206.0,99.0,,
Elizabeth Warren,7.0,3466.0,99.0,,
Beto O'Rourke,6.0,11223.0,99.0,,
Cory Booker,3.0,6056.0,99.0,,
Julian Castro,2.0,2519.0,99.0,,
Andrew Yang,1.0,14131.0,99.0,,
Tulsi Gabbard,.0,5690.0,99.0,,
Beto O'Rourke,4.0,15852.0,98.0,,
Kamala Harris,17.0,8664.0,98.0,,
Elizabeth Warren,7.0,3864.0,98.0,,
Cory Booker,2.0,5360.0,98.0,,
Julian Castro,2.0,3231.0,98.0,,
Tulsi Gabbard,1.0,5697.0,98.0,,
Pete Buttigieg,7.0,79717.0,98.0,,
Andrew Yang,1.0,16410.0,98.0,,
Cory Booker,4.4,5360.0,98.0,,
Pete Buttigieg,10.7,79717.0,98.0,,
Tulsi Gabbard,.6,5697.0,98.0,,
Kamala Harris,6.8,8664.0,98.0,,
Beto O'Rourke,6.4,15852.0,98.0,,
Elizabeth Warren,8.7,3864.0,98.0,,
Elizabeth Warren,14.0,3634.0,97.0,,
Pete Buttigieg,10.7,73910.0,97.0,,
Beto O'Rourke,7.6,11490.0,97.0,,
Cory Booker,2.1,3690.0,97.0,,
Kamala Harris,6.6,7491.0,97.0,,
Andrew Yang,1.1,18869.0,97.0,,
Tulsi Gabbard,.9,5143.0,97.0,,
Julian Castro,1.0,4167.0,97.0,,
Kamala Harris,9.0,7491.0,97.0,,
Beto O'Rourke,8.0,11490.0,97.0,,
Elizabeth Warren,7.0,3634.0,97.0,,
Pete Buttigieg,5.0,73910.0,97.0,,
Cory Booker,4.0,3690.0,97.0,,
Julian Castro,1.0,4167.0,97.0,,
Tulsi Gabbard,1.0,5143.0,97.0,,
Andrew Yang,1.0,18869.0,97.0,,
Beto O'Rourke,7.0,11448.0,96.0,,
Pete Buttigieg,4.0,45446.0,96.0,,
Kamala Harris,9.0,9207.0,96.0,,
Elizabeth Warren,6.0,3475.0,96.0,,
Cory Booker,6.0,3031.0,96.0,,
Tulsi Gabbard,.0,4798.0,96.0,,
Andrew Yang,1.0,13132.0,96.0,,
Julian Castro,1.0,7636.0,96.0,,
Kamala Harris,10.0,8075.0,94.0,,
Cory Booker,9.0,3631.0,94.0,,
Beto O'Rourke,9.0,14079.0,94.0,,
Pete Buttigieg,7.0,64550.0,94.0,,
Elizabeth Warren,6.0,3756.0,94.0,,
Julian Castro,1.0,3307.0,94.0,,
Andrew Yang,1.0,12592.0,94.0,,
Tulsi Gabbard,.0,5817.0,94.0,,
Beto O'Rourke,16.0,14079.0,94.0,,
Kamala Harris,15.0,8075.0,94.0,,
Cory Booker,12.0,3631.0,94.0,,
Pete Buttigieg,12.0,64550.0,94.0,,
Elizabeth Warren,11.0,3756.0,94.0,,
Julian Castro,2.0,3307.0,94.0,,
Andrew Yang,1.0,12592.0,94.0,,
Tulsi Gabbard,.0,5817.0,94.0,,
Cory Booker,4.0,5416.0,90.0,,
Pete Buttigieg,3.0,59624.0,90.0,,
Julian Castro,1.0,1904.0,90.0,,
Tulsi Gabbard,.0,7067.0,90.0,,
Kamala Harris,6.0,10511.0,90.0,,
Beto O'Rourke,6.0,31183.0,90.0,,
Elizabeth Warren,5.0,4246.0,90.0,,
Andrew Yang,1.0,6953.0,90.0,,
Kamala Harris,8.0,10511.0,90.0,,
Beto O'Rourke,8.0,31183.0,90.0,,
Elizabeth Warren,7.0,4246.0,90.0,,
Cory Booker,4.0,5416.0,90.0,,
Pete Buttigieg,3.0,59624.0,90.0,,
Julian Castro,1.0,1904.0,90.0,,
Tulsi Gabbard,1.0,7067.0,90.0,,
Elizabeth Warren,9.9,3557.0,89.0,,
Kamala Harris,9.4,9895.0,89.0,,
Beto O'Rourke,10.4,36018.0,89.0,,
Pete Buttigieg,4.7,78629.0,89.0,,
Cory Booker,2.2,5479.0,89.0,,
Andrew Yang,3.2,8183.0,89.0,,
Julian Castro,.5,1235.0,89.0,,
Tulsi Gabbard,1.7,12371.0,89.0,,
Elizabeth Warren,10.9,5399.0,87.0,,
Beto O'Rourke,5.2,14393.0,87.0,,
Cory Booker,3.7,40719.0,87.0,,
Kamala Harris,4.5,9214.0,87.0,,
Pete Buttigieg,6.3,64727.0,87.0,,
Andrew Yang,1.0,7900.0,87.0,,
Tulsi Gabbard,2.6,5504.0,87.0,,
Julian Castro,.6,1459.0,87.0,,
Kamala Harris,11.0,13847.0,85.0,,
Elizabeth Warren,5.0,8224.0,85.0,,
Beto O'Rourke,5.0,15146.0,85.0,,
Cory Booker,3.0,5921.0,85.0,,
Andrew Yang,2.0,8727.0,85.0,,
Pete Buttigieg,2.0,45960.0,85.0,,
Julian Castro,1.0,1394.0,85.0,,
Tulsi Gabbard,.0,5748.0,85.0,,
Beto O'Rourke,7.0,15146.0,85.0,,
Elizabeth Warren,6.0,8224.0,85.0,,
Kamala Harris,5.0,13847.0,85.0,,
Cory Booker,4.0,5921.0,85.0,,
Tulsi Gabbard,2.0,5748.0,85.0,,
Pete Buttigieg,2.0,45960.0,85.0,,
Julian Castro,1.0,1394.0,85.0,,
Andrew Yang,1.0,8727.0,85.0,,
Beto O'Rourke,12.0,21592.0,84.0,,
Kamala Harris,8.0,10382.0,84.0,,
Elizabeth Warren,4.0,4619.0,84.0,,
Cory Booker,2.0,8332.0,84.0,,
Julian Castro,1.0,1385.0,84.0,,
Tulsi Gabbard,.0,5805.0,84.0,,
Pete Buttigieg,4.0,43874.0,84.0,,
Andrew Yang,.0,9522.0,84.0,,
Pete Buttigieg,11.4,43862.0,83.0,,
Kamala Harris,10.3,12503.0,83.0,,
Elizabeth Warren,8.5,4649.0,83.0,,
Cory Booker,5.9,7431.0,83.0,,
Beto O'Rourke,5.3,29556.0,83.0,,
Julian Castro,.5,1259.0,83.0,,
Tulsi Gabbard,.9,6223.0,83.0,,
Andrew Yang,.0,9641.0,83.0,,
Cory Booker,7.0,7431.0,83.0,,
Pete Buttigieg,6.0,43862.0,83.0,,
Julian Castro,1.0,1259.0,83.0,,
Tulsi Gabbard,1.0,6223.0,83.0,,
Kamala Harris,9.0,12503.0,83.0,,
Beto O'Rourke,6.0,29556.0,83.0,,
Elizabeth Warren,8.0,4649.0,83.0,,
Andrew Yang,1.0,9641.0,83.0,,
Beto O'Rourke,7.8,29556.0,83.0,,
Kamala Harris,7.5,12503.0,83.0,,
Elizabeth Warren,4.7,4649.0,83.0,,
Cory Booker,3.4,7431.0,83.0,,
Pete Buttigieg,2.6,43862.0,83.0,,
Julian Castro,.3,1259.0,83.0,,
Andrew Yang,.2,9641.0,83.0,,
Tulsi Gabbard,.0,6223.0,83.0,,
Beto O'Rourke,8.0,29556.0,83.0,,
Cory Booker,4.0,7431.0,83.0,,
Elizabeth Warren,7.0,4649.0,83.0,,
Julian Castro,1.0,1259.0,83.0,,
Kamala Harris,8.0,12503.0,83.0,,
Pete Buttigieg,2.0,43862.0,83.0,,
Tulsi Gabbard,1.0,6223.0,83.0,,
Beto O'Rourke,17.0,28616.0,82.0,,
Kamala Harris,16.0,10806.0,82.0,,
Cory Booker,14.0,8313.0,82.0,,
Elizabeth Warren,12.0,3752.0,82.0,,
Pete Buttigieg,4.0,42795.0,82.0,,
Andrew Yang,1.0,10460.0,82.0,,
Julian Castro,1.0,1436.0,82.0,,
Tulsi Gabbard,1.0,6633.0,82.0,,
Kamala Harris,12.0,10806.0,82.0,,
Beto O'Rourke,10.0,28616.0,82.0,,
Cory Booker,9.0,8313.0,82.0,,
Elizabeth Warren,6.0,3752.0,82.0,,
Pete Buttigieg,3.0,42795.0,82.0,,
Andrew Yang,1.0,10460.0,82.0,,
Julian Castro,1.0,1436.0,82.0,,
Tulsi Gabbard,.0,6633.0,82.0,,
Elizabeth Warren,6.0,6143.0,80.0,,
Kamala Harris,4.0,14730.0,80.0,,
Beto O'Rourke,5.0,48263.0,80.0,,
Cory Booker,2.0,20777.0,80.0,,
Kamala Harris,8.0,26832.0,79.0,,
Beto O'Rourke,8.0,67421.0,79.0,,
Cory Booker,4.0,30495.0,79.0,,
Elizabeth Warren,4.0,8623.0,79.0,,
Pete Buttigieg,1.0,43628.0,79.0,,
Julian Castro,1.0,2194.0,79.0,,
Andrew Yang,1.0,18760.0,79.0,,
Tulsi Gabbard,.0,7669.0,79.0,,
Beto O'Rourke,8.0,115689.0,78.0,,
Kamala Harris,6.0,13081.0,78.0,,
Elizabeth Warren,6.0,30003.0,78.0,,
Cory Booker,4.0,12543.0,78.0,,
Andrew Yang,4.0,26020.0,78.0,,
Pete Buttigieg,3.0,21953.0,78.0,,
Tulsi Gabbard,1.0,9142.0,78.0,,
Julian Castro,1.0,1928.0,78.0,,
Beto O'Rourke,10.9,188175.0,77.0,,
Kamala Harris,11.6,12345.0,77.0,,
Elizabeth Warren,8.4,6272.0,77.0,,
Cory Booker,2.5,16325.0,77.0,,
Pete Buttigieg,2.9,30367.0,77.0,,
Julian Castro,1.3,2432.0,77.0,,
Tulsi Gabbard,1.1,10159.0,77.0,,
Andrew Yang,1.4,22816.0,77.0,,
Elizabeth Warren,14.4,5438.0,76.0,,
Beto O'Rourke,6.2,129333.0,76.0,,
Cory Booker,2.2,8986.0,76.0,,
Kamala Harris,5.3,10472.0,76.0,,
Andrew Yang,.8,18639.0,76.0,,
Pete Buttigieg,.5,47530.0,76.0,,
Tulsi Gabbard,.3,9670.0,76.0,,
Julian Castro,.2,2464.0,76.0,,
Kamala Harris,12.0,10472.0,76.0,,
Beto O'Rourke,11.0,129333.0,76.0,,
Elizabeth Warren,6.0,5438.0,76.0,,
Cory Booker,3.0,8986.0,76.0,,
Julian Castro,1.0,2464.0,76.0,,
Pete Buttigieg,1.0,47530.0,76.0,,
Tulsi Gabbard,.0,9670.0,76.0,,
Kamala Harris,11.0,10472.0,76.0,,
Beto O'Rourke,12.0,129333.0,76.0,,
Elizabeth Warren,7.0,5438.0,76.0,,
Cory Booker,3.0,8986.0,76.0,,
Julian Castro,.0,2464.0,76.0,,
Pete Buttigieg,1.0,47530.0,76.0,,
Tulsi Gabbard,1.0,9670.0,76.0,,
Kamala Harris,8.0,10472.0,76.0,,
Beto O'Rourke,8.0,129333.0,76.0,,
Elizabeth Warren,7.0,5438.0,76.0,,
Cory Booker,4.0,8986.0,76.0,,
Pete Buttigieg,1.0,47530.0,76.0,,
Julian Castro,1.0,2464.0,76.0,,
Tulsi Gabbard,1.0,9670.0,76.0,,
Cory Booker,4.0,41804.0,74.0,,
Kamala Harris,5.0,11694.0,74.0,,
Beto O'Rourke,7.0,280338.0,74.0,,
Elizabeth Warren,8.0,6195.0,74.0,,
Cory Booker,4.0,8416.0,69.0,,
Pete Buttigieg,.0,6666.0,69.0,,
Julian Castro,1.0,4002.0,69.0,,
Tulsi Gabbard,.0,10154.0,69.0,,
Kamala Harris,8.0,10469.0,69.0,,
Beto O'Rourke,6.0,13996.0,69.0,,
Elizabeth Warren,4.0,8770.0,69.0,,
Andrew Yang,1.0,18963.0,69.0,,
Kamala Harris,17.0,10469.0,69.0,,
Beto O'Rourke,14.0,13996.0,69.0,,
Elizabeth Warren,13.0,8770.0,69.0,,
Cory Booker,5.0,8416.0,69.0,,
Julian Castro,2.0,4002.0,69.0,,
Andrew Yang,2.0,18963.0,69.0,,
Pete Buttigieg,1.0,6666.0,69.0,,
Tulsi Gabbard,1.0,10154.0,69.0,,
Kamala Harris,9.0,10469.0,69.0,,
Elizabeth Warren,9.0,8770.0,69.0,,
Beto O'Rourke,7.0,13996.0,69.0,,
Cory Booker,3.0,8416.0,69.0,,
Pete Buttigieg,2.0,6666.0,69.0,,
Tulsi Gabbard,1.0,10154.0,69.0,,
Andrew Yang,1.0,18963.0,69.0,,
Julian Castro,1.0,4002.0,69.0,,
Elizabeth Warren,11.3,8770.0,69.0,,
Kamala Harris,11.8,10469.0,69.0,,
Cory Booker,2.9,8416.0,69.0,,
Beto O'Rourke,2.2,13996.0,69.0,,
Tulsi Gabbard,.2,10154.0,69.0,,
Pete Buttigieg,.0,6666.0,69.0,,
Julian Castro,.0,4002.0,69.0,,
Kamala Harris,10.0,10469.0,69.0,,
Elizabeth Warren,7.0,8770.0,69.0,,
Beto O'Rourke,7.0,13996.0,69.0,,
Cory Booker,4.0,8416.0,69.0,,
Pete Buttigieg,1.0,6666.0,69.0,,
Julian Castro,1.0,4002.0,69.0,,
Tulsi Gabbard,1.0,10154.0,69.0,,
Cory Booker,3.0,3389.0,65.0,,
Pete Buttigieg,1.0,6363.0,65.0,,
Julian Castro,1.0,2009.0,65.0,,
Tulsi Gabbard,.0,7621.0,65.0,,
Kamala Harris,7.0,10708.0,65.0,,
Beto O'Rourke,5.0,6837.0,65.0,,
Elizabeth Warren,9.0,3552.0,65.0,,
Andrew Yang,.0,3984.0,65.0,,
Kamala Harris,9.0,13941.0,63.0,,
Elizabeth Warren,4.0,4985.0,63.0,,
Beto O'Rourke,1.0,11153.0,63.0,,
Cory Booker,1.0,5733.0,63.0,,
Pete Buttigieg,.0,8509.0,63.0,,
Julian Castro,.0,2441.0,63.0,,
Tulsi Gabbard,.0,7670.0,63.0,,
Andrew Yang,.0,357.0,63.0,,
Kamala Harris,4.0,13941.0,63.0,,
Cory Booker,1.0,5733.0,63.0,,
Beto O'Rourke,1.0,11153.0,63.0,,
Elizabeth Warren,1.0,4985.0,63.0,,
Kamala Harris,10.0,13941.0,63.0,,
Elizabeth Warren,8.0,4985.0,63.0,,
Beto O'Rourke,6.0,11153.0,63.0,,
Cory Booker,5.0,5733.0,63.0,,
Julian Castro,1.0,2441.0,63.0,,
Andrew Yang,1.0,357.0,63.0,,
Pete Buttigieg,.0,8509.0,63.0,,
Tulsi Gabbard,.0,7670.0,63.0,,
Kamala Harris,15.0,13941.0,63.0,,
Elizabeth Warren,10.0,4985.0,63.0,,
Beto O'Rourke,7.0,11153.0,63.0,,
Cory Booker,6.0,5733.0,63.0,,
Julian Castro,1.0,2441.0,63.0,,
Andrew Yang,1.0,357.0,63.0,,
Pete Buttigieg,.0,8509.0,63.0,,
Tulsi Gabbard,.0,7670.0,63.0,,
Kamala Harris,11.0,13573.0,62.0,,
Elizabeth Warren,7.0,11130.0,62.0,,
Beto O'Rourke,6.0,11362.0,62.0,,
Cory Booker,4.0,6641.0,62.0,,
Pete Buttigieg,1.0,8005.0,62.0,,
Julian Castro,1.0,1908.0,62.0,,
Tulsi Gabbard,1.0,7801.0,62.0,,
Kamala Harris,9.0,13573.0,62.0,,
Beto O'Rourke,7.0,11362.0,62.0,,
Elizabeth Warren,5.0,11130.0,62.0,,
Cory Booker,3.0,6641.0,62.0,,
Julian Castro,1.0,1908.0,62.0,,
Tulsi Gabbard,1.0,7801.0,62.0,,
Pete Buttigieg,.0,8005.0,62.0,,
Kamala Harris,9.0,11260.0,61.0,,
Elizabeth Warren,5.2,4174.0,61.0,,
Cory Booker,5.9,4253.0,61.0,,
Beto O'Rourke,5.0,11013.0,61.0,,
Pete Buttigieg,.4,8287.0,61.0,,
Tulsi Gabbard,1.5,9800.0,61.0,,
Julian Castro,.2,2001.0,61.0,,
Kamala Harris,10.0,19217.0,57.0,,
Elizabeth Warren,7.0,6251.0,57.0,,
Beto O'Rourke,5.0,5217.0,57.0,,
Cory Booker,3.0,4795.0,57.0,,
Pete Buttigieg,1.0,4975.0,57.0,,
Tulsi Gabbard,1.0,7504.0,57.0,,
Kamala Harris,6.0,19217.0,57.0,,
Elizabeth Warren,2.0,6251.0,57.0,,
Cory Booker,2.0,4795.0,57.0,,
Pete Buttigieg,1.0,4975.0,57.0,,
Beto O'Rourke,1.0,5217.0,57.0,,
Tulsi Gabbard,1.0,7504.0,57.0,,
Andrew Yang,1.0,238.0,57.0,,
Kamala Harris,10.0,35444.0,55.0,,
Elizabeth Warren,7.0,5576.0,55.0,,
Beto O'Rourke,7.0,8741.0,55.0,,
Cory Booker,4.0,5946.0,55.0,,
Pete Buttigieg,1.0,6400.0,55.0,,
Julian Castro,1.0,2143.0,55.0,,
Tulsi Gabbard,1.0,8495.0,55.0,,
Kamala Harris,8.0,39539.0,54.0,,
Elizabeth Warren,5.0,6378.0,54.0,,
Cory Booker,4.0,5811.0,54.0,,
Beto O'Rourke,3.0,7036.0,54.0,,
Tulsi Gabbard,1.0,10047.0,54.0,,
Pete Buttigieg,.0,7018.0,54.0,,
Julian Castro,.0,3151.0,54.0,,
Cory Booker,4.9,7601.0,53.0,,
Kamala Harris,11.5,45193.0,53.0,,
Elizabeth Warren,8.7,7357.0,53.0,,
Beto O'Rourke,5.1,9383.0,53.0,,
Julian Castro,.1,2828.0,53.0,,
Tulsi Gabbard,.3,11856.0,53.0,,
Pete Buttigieg,.7,8124.0,53.0,,
Kamala Harris,10.0,41581.0,51.0,,
Cory Booker,5.0,15040.0,51.0,,
Elizabeth Warren,4.0,15793.0,51.0,,
Beto O'Rourke,4.0,15162.0,51.0,,
Tulsi Gabbard,.0,32191.0,51.0,,
Julian Castro,.0,4144.0,51.0,,
Kamala Harris,10.0,41581.0,51.0,,
Beto O'Rourke,6.0,15162.0,51.0,,
Elizabeth Warren,4.0,15793.0,51.0,,
Cory Booker,2.0,15040.0,51.0,,
Julian Castro,2.0,4144.0,51.0,,
Tulsi Gabbard,1.0,32191.0,51.0,,
Kamala Harris,12.0,28258.0,49.0,,
Beto O'Rourke,6.0,11344.0,49.0,,
Elizabeth Warren,5.0,6133.0,49.0,,
Cory Booker,4.0,9843.0,49.0,,
Kamala Harris,13.0,28258.0,49.0,,
Cory Booker,10.0,9843.0,49.0,,
Elizabeth Warren,9.0,6133.0,49.0,,
Beto O'Rourke,8.0,11344.0,49.0,,
Andrew Yang,1.0,184.0,49.0,,
Julian Castro,1.0,2284.0,49.0,,
Tulsi Gabbard,1.0,12086.0,49.0,,
Kamala Harris,35.0,28258.0,49.0,,
Cory Booker,28.0,9843.0,49.0,,
Elizabeth Warren,20.0,6133.0,49.0,,
Julian Castro,4.0,2284.0,49.0,,
Tulsi Gabbard,2.0,12086.0,49.0,,
Andrew Yang,1.0,184.0,49.0,,
Pete Buttigieg,1.0,7641.0,49.0,,
Kamala Harris,11.0,28080.0,48.0,,
Elizabeth Warren,8.0,6599.0,48.0,,
Beto O'Rourke,7.0,16986.0,48.0,,
Cory Booker,5.0,8704.0,48.0,,
Julian Castro,1.0,1957.0,48.0,,
Tulsi Gabbard,1.0,12633.0,48.0,,
Pete Buttigieg,.0,8276.0,48.0,,
Cory Booker,8.5,6659.0,47.0,,
Kamala Harris,14.9,24828.0,47.0,,
Elizabeth Warren,9.2,6065.0,47.0,,
Beto O'Rourke,3.9,18296.0,47.0,,
Julian Castro,.9,1845.0,47.0,,
Tulsi Gabbard,1.8,10771.0,47.0,,
Pete Buttigieg,.0,16688.0,47.0,,
Elizabeth Warren,9.0,6482.0,46.0,,
Cory Booker,3.0,6570.0,46.0,,
Kamala Harris,14.0,22202.0,46.0,,
Beto O'Rourke,6.0,20461.0,46.0,,
Julian Castro,1.0,2194.0,46.0,,
Kamala Harris,11.0,69362.0,42.0,,
Beto O'Rourke,7.0,25669.0,42.0,,
Elizabeth Warren,3.0,33716.0,42.0,,
Cory Booker,.0,13775.0,42.0,,
Julian Castro,.0,3723.0,42.0,,
Kamala Harris,26.0,69362.0,42.0,,
Beto O'Rourke,8.0,25669.0,42.0,,
Elizabeth Warren,7.0,33716.0,42.0,,
Cory Booker,3.0,13775.0,42.0,,
Julian Castro,2.0,3723.0,42.0,,
Tulsi Gabbard,1.0,17447.0,42.0,,
Pete Buttigieg,1.0,7984.0,42.0,,
Andrew Yang,.0,76.0,42.0,,
Kamala Harris,53.0,69362.0,42.0,,
Elizabeth Warren,23.0,33716.0,42.0,,
Cory Booker,7.0,13775.0,42.0,,
Julian Castro,6.0,3723.0,42.0,,
Tulsi Gabbard,4.0,17447.0,42.0,,
Pete Buttigieg,2.0,7984.0,42.0,,
Andrew Yang,1.0,76.0,42.0,,
Kamala Harris,8.0,31588.0,41.0,,
Beto O'Rourke,6.0,19293.0,41.0,,
Elizabeth Warren,5.0,79230.0,41.0,,
Cory Booker,3.0,15819.0,41.0,,
Julian Castro,1.0,8583.0,41.0,,
Tulsi Gabbard,.4,16476.0,41.0,,
Pete Buttigieg,.1,10791.0,41.0,,
Andrew Yang,.1,50.0,41.0,,
Kamala Harris,13.0,31588.0,41.0,,
Elizabeth Warren,8.0,79230.0,41.0,,
Beto O'Rourke,7.0,19293.0,41.0,,
Cory Booker,5.0,15819.0,41.0,,
Julian Castro,1.0,8583.0,41.0,,
Tulsi Gabbard,1.0,16476.0,41.0,,
Pete Buttigieg,.0,10791.0,41.0,,
Beto O'Rourke,6.0,7917.0,34.0,,
Cory Booker,4.0,37929.0,34.0,,
Elizabeth Warren,9.0,7008.0,34.0,,
Julian Castro,2.0,2873.0,34.0,,
Kamala Harris,14.0,52476.0,34.0,,
Pete Buttigieg,.0,10259.0,34.0,,
Tulsi Gabbard,1.0,42335.0,34.0,,
Elizabeth Warren,6.0,10369.0,33.0,,
Beto O'Rourke,5.0,7008.0,33.0,,
Cory Booker,5.0,110141.0,33.0,,
Kamala Harris,14.0,66490.0,33.0,,
Julian Castro,.0,4920.0,33.0,,
Tulsi Gabbard,1.0,18255.0,33.0,,
Pete Buttigieg,.0,6537.0,33.0,,
Kamala Harris,16.6,66490.0,33.0,,
Beto O'Rourke,3.5,7008.0,33.0,,
Elizabeth Warren,10.5,10369.0,33.0,,
Cory Booker,3.5,110141.0,33.0,,
Kamala Harris,12.8,66490.0,33.0,,
Beto O'Rourke,2.4,7008.0,33.0,,
Elizabeth Warren,8.7,10369.0,33.0,,
Cory Booker,3.8,110141.0,33.0,,
Kamala Harris,11.9,66490.0,33.0,,
Beto O'Rourke,1.9,7008.0,33.0,,
Elizabeth Warren,4.2,10369.0,33.0,,
Cory Booker,4.6,110141.0,33.0,,
Elizabeth Warren,10.6,10369.0,33.0,,
Kamala Harris,17.5,66490.0,33.0,,
Beto O'Rourke,6.1,7008.0,33.0,,
Julian Castro,1.5,4920.0,33.0,,
Cory Booker,3.6,110141.0,33.0,,
Andrew Yang,.0,75.0,33.0,,
Pete Buttigieg,.0,6537.0,33.0,,
Tulsi Gabbard,.0,18255.0,33.0,,
Elizabeth Warren,8.0,8019.0,27.0,,
Beto O'Rourke,7.0,6586.0,27.0,,
Cory Booker,4.0,3078.0,27.0,,
Kamala Harris,11.0,260497.0,27.0,,
Pete Buttigieg,.0,7576.0,27.0,,
Julian Castro,1.0,6781.0,27.0,,
Tulsi Gabbard,1.0,12577.0,27.0,,
Andrew Yang,1.0,48.0,27.0,,
Elizabeth Warren,6.0,8019.0,27.0,,
Beto O'Rourke,6.0,6586.0,27.0,,
Cory Booker,3.0,3078.0,27.0,,
Kamala Harris,10.0,260497.0,27.0,,
Julian Castro,1.0,6781.0,27.0,,
Tulsi Gabbard,.0,12577.0,27.0,,
Pete Buttigieg,.0,7576.0,27.0,,
Beto O'Rourke,7.0,6586.0,27.0,,
Cory Booker,3.0,3078.0,27.0,,
Elizabeth Warren,9.0,8019.0,27.0,,
Julian Castro,2.0,6781.0,27.0,,
Kamala Harris,11.0,260497.0,27.0,,
Tulsi Gabbard,.0,12577.0,27.0,,
Kamala Harris,8.0,163271.0,24.0,,
Beto O'Rourke,3.0,7214.0,24.0,,
Elizabeth Warren,2.0,8262.0,24.0,,
Cory Booker,1.0,3570.0,24.0,,
Julian Castro,.0,4058.0,24.0,,
Elizabeth Warren,6.0,13268.0,22.0,,
Beto O'Rourke,6.0,10993.0,22.0,,
Cory Booker,4.0,9677.0,22.0,,
Kamala Harris,9.0,484659.0,22.0,,
Julian Castro,2.0,9218.0,22.0,,
Tulsi Gabbard,1.0,33669.0,22.0,,
Cory Booker,7.7,10898.0,21.0,,
Julian Castro,8.0,11796.0,21.0,,
Tulsi Gabbard,2.3,42336.0,21.0,,
Kamala Harris,2.6,607080.0,21.0,,
Beto O'Rourke,3.2,13056.0,21.0,,
Elizabeth Warren,2.9,18222.0,21.0,,
Julian Castro,12.0,11796.0,21.0,,
Tulsi Gabbard,2.7,42336.0,21.0,,
Kamala Harris,18.9,607080.0,21.0,,
Elizabeth Warren,42.9,18222.0,21.0,,
Elizabeth Warren,9.0,15806.0,20.0,,
Kamala Harris,6.0,13575.0,20.0,,
Beto O'Rourke,6.0,9492.0,20.0,,
Cory Booker,1.0,3185.0,20.0,,
Tulsi Gabbard,.0,33520.0,20.0,,
Julian Castro,.0,5350.0,20.0,,
Elizabeth Warren,5.0,15806.0,20.0,,
Kamala Harris,5.0,13575.0,20.0,,
Beto O'Rourke,4.0,9492.0,20.0,,
Cory Booker,3.0,3185.0,20.0,,
Julian Castro,1.0,5350.0,20.0,,
Tulsi Gabbard,.0,33520.0,20.0,,
Beto O'Rourke,8.0,9492.0,20.0,,
Cory Booker,3.0,3185.0,20.0,,
Elizabeth Warren,11.0,15806.0,20.0,,
Julian Castro,2.0,5350.0,20.0,,
Kamala Harris,6.0,13575.0,20.0,,
Beto O'Rourke,9.0,14982.0,16.0,,
Elizabeth Warren,5.0,8678.0,16.0,,
Kamala Harris,4.0,31179.0,16.0,,
Cory Booker,2.0,5258.0,16.0,,
Julian Castro,2.0,13677.0,16.0,,
Tulsi Gabbard,1.0,26772.0,16.0,,
Beto O'Rourke,8.0,14982.0,16.0,,
Kamala Harris,7.0,31179.0,16.0,,
Elizabeth Warren,4.0,8678.0,16.0,,
Cory Booker,3.0,5258.0,16.0,,
Tulsi Gabbard,2.0,26772.0,16.0,,
Julian Castro,1.0,13677.0,16.0,,
Elizabeth Warren,9.0,21779.0,14.0,,
Beto O'Rourke,8.0,10699.0,14.0,,
Cory Booker,2.0,3099.0,14.0,,
Kamala Harris,6.0,25399.0,14.0,,
Julian Castro,.0,24911.0,14.0,,
Beto O'Rourke,8.0,15325.0,13.0,,
Cory Booker,3.0,2849.0,13.0,,
Elizabeth Warren,11.0,9621.0,13.0,,
Julian Castro,2.0,75089.0,13.0,,
Kamala Harris,7.0,39178.0,13.0,,
Elizabeth Warren,4.0,31953.0,6.0,,
Beto O'Rourke,7.0,11103.0,6.0,,
Cory Booker,3.0,2396.0,6.0,,
Kamala Harris,3.0,9421.0,6.0,,
Julian Castro,.0,9442.0,6.0,,
Elizabeth Warren,11.0,80130.0,3.0,,
Beto O'Rourke,9.0,19172.0,3.0,,
Kamala Harris,4.0,14868.0,3.0,,
Cory Booker,3.0,3470.0,3.0,,
Julian Castro,.0,3146.0,3.0,,